drop database if exists capybara_mapper;
create database capybara_mapper;
use capybara_mapper;

-- create tables and relationships
create table `user` (
    user_id int primary key auto_increment,
    date_of_birth date not null,
    name varchar(250) not null,
    email varchar(250) not null,
    phone_number varchar(50) not null
);

create table location (
    location_id int primary key auto_increment,
    user_id int not null,
    location point not null,
	constraint fk_location_user_id
    foreign key (user_id)
    references user(user_id)
);



create table pet (
    pet_id int primary key auto_increment,
    pet_type_id int not null,
    location_id int not null,
    name varchar(1000) not null,
    description varchar(1000) not null,
    photo_link varchar(1000) null,
    constraint fk_pet_location_id
    foreign key (location_id)
    references location(location_id)
);

create table pet_type (
    pet_type_id int primary key auto_increment,
    name varchar(250) not null
);

create table adoption (

    adoption_id int primary key auto_increment,
    pet_id int not null,
    user_id int not null,
    street_address varchar(50) not null,
    city varchar(50) not null,
    state varchar(50) not null,
    zip_code varchar(50) not null,
    email varchar(250) not null,
    phone_number varchar(250) not null,
    request_description varchar(1000) null,

    constraint fk_adoption_pet_id
    foreign key (pet_id)
    references pet(pet_id),
    constraint fk_adoption_user_id
    foreign key (user_id)
    references user(user_id)
);

-- data



insert into user(user_id, date_of_birth, name, email, phone_number) values
	(1, '1992-07-09', 'Petropolis Palace', 'afranz0@paypal.com', '490-350-4107'),
    (2, '1997-05-09', 'Tailwag Haven', 'lbackshill1@com.com', '941-746-5562'),
    (3, '1990-06-23', 'Wagging Hearts', 'nmeneghelli2@mashable.com', '203-415-0127'),
    (4, '1971-02-24', 'Furry Fables', 'amcclinton3@artisteer.com', '681-178-1394'),
    (5, '1965-03-02', 'Heartfelt Haven', 'wlogue4@sina.com.cn', '113-386-0435'),
    (6, '1972-05-20', 'Wild Whiskers', 'skarsh5@multiply.com', '212-219-7885'),
    (7, '1985-12-31', 'Playful Paws', 'dbouch6@xinhuanet.com', '999-232-8196'),
    (8, '1965-05-04', 'Happy Paws', 'tmckeachie7@cnn.com', '265-958-5791'),
    (9, '1974-11-14', 'Scale Sanctuary', 'cbadman8@themeforest.net', '538-990-5659'),
    (10, '1970-02-07', 'Hoof Harmony', 'yquinell9@ted.com', '622-692-3055'),
    (11, '1971-10-02', 'Furry Friends', 'scarnella@symantec.com', '609-511-0363'),
    (12, '1966-10-28', 'Fur Fables', 'gregglerb@census.gov', '991-427-8593'),
    (13, '1969-08-31', 'Love Tails', 'jeschalettec@webeden.co.uk', '958-652-4534'),
    (14, '1978-06-27', 'Petropolis Palace', 'dcaccavarid@lulu.com', '510-211-0821'),
    (15, '1985-05-13', 'Tailwag Haven', 'locorranee@bravesites.com', '715-724-5365'),
    (16, '2001-07-06', 'Bonded Blessings', 'mbubbf@phpbb.com', '802-530-9856'),
    (17, '1980-02-26', 'Happy Homes', 'sbamberyg@fda.gov', '795-294-7293'),
    (18, '1968-05-16', 'Meow Manor', 'cbaythorph@intel.com', '589-930-3578'),
    (19, '1975-04-30', 'Forever Fosters', 'fblondellei@disqus.com', '919-598-9607'),
    (20, '1986-02-18', 'Love Tails', 'mpollyj@ask.com', '352-772-7265'),
    (21, '1961-12-26', 'Tailwag Haven', 'edaniauk@google.ru', '353-212-1084'),
    (22, '1973-10-05', 'Claws Camp', 'cworralll@behance.net', '415-102-3229'),
    (23, '1986-11-19', 'Howl Haven', 'aurionm@fc2.com', '723-977-5165'),
    (24, '1976-10-23', 'Pet Sanctuary', 'cmacallann@ucoz.com', '981-423-4963'),
    (25, '1984-08-30', 'Claws Camp', 'dsachnoo@issuu.com', '682-641-3416'),
    (26, '1986-04-21', 'Heartfelt Haven', 'bglawsopp@ocn.ne.jp', '224-149-5723'),
    (27, '1987-03-05', 'Snuggle Shelter', 'dwetheraldq@digg.com', '611-312-8860'),
    (28, '2003-10-22', 'Scales Sanctuary', 'hrothmanr@ox.ac.uk', '982-520-1558'),
    (29, '1995-08-18', 'Bark Brigade', 'ggonzaless@discovery.com', '124-846-8026'),
    (30, '1966-06-04', 'The Pet Pavilion', 'gjuliant@wikia.com', '493-698-2011'),
    (31, '1994-12-01', 'Snuggle Spot', 'rhaneu@myspace.com', '690-801-7691'),
    (32, '1999-06-20', 'Rainbow Rescue', 'vangusv@sciencedaily.com', '183-865-6526'),
    (33, '1980-03-14', 'Wagging Hearts', 'ssporlew@sina.com.cn', '540-714-0971'),
    (34, '2003-05-30', 'Plush Paws', 'sstiffkinsx@go.com', '555-236-8092'),
    (35, '1973-01-29', 'Joyful Journeys', 'mhoneywoody@hubpages.com', '695-543-8453'),
    (36, '1998-08-14', 'Hoof Haven', 'sangeliniz@ucoz.ru', '643-841-9563'),
    (37, '2001-09-21', 'Cuddle Cove', 'hhayers10@barnesandnoble.com', '295-517-2080'),
    (38, '1961-12-28', 'Tailwag Haven', 'jpritchard11@digg.com', '929-579-2885'),
    (39, '1963-08-09', 'Petropolis Palace', 'ztomasino12@hud.gov', '358-266-0867'),
    (40, '1972-01-04', 'Safe Haven', 'ferratt13@naver.com', '387-517-0025'),
    (41, '1992-03-18', 'Fuzzy Fellowship', 'anorssister14@storify.com', '160-442-9825'),
    (42, '1990-09-30', 'Playful Paws', 'posgordby15@technorati.com', '875-419-8180'),
    (43, '1966-01-09', 'Cuddle Cove', 'cwindram16@amazon.co.jp', '565-448-5364'),
    (44, '1978-01-10', 'Snuggle Spot', 'gbrimilcombe17@mac.com', '680-855-4623'),
    (45, '2000-09-19', 'Compassion Cove', 'anaylor18@mapquest.com', '613-801-0194'),
    (46, '1963-06-22', 'Joyful Journeys', 'ndonnelly19@illinois.edu', '425-840-6615'),
    (47, '1987-09-26', 'Scale Sanctuary', 'vtourner1a@blogspot.com', '642-212-2834'),
    (48, '1974-10-19', 'Fuzzy Fellowship', 'tkirkbright1b@omniture.com', '854-577-7297'),
    (49, '1961-01-20', 'Creatures Comfort', 'bsloper1c@google.com', '754-996-0003'),
    (50, '1972-03-14', 'Furry Family', 'fandrez1d@dmoz.org', '395-277-2451'),
    (51, '1989-12-14', 'Pet Refuge', 'lpoker1e@xinhuanet.com', '130-927-6575'),
    (52, '1991-12-11', 'Furry Friends', 'aharragin1f@sciencedaily.com', '355-311-8767'),
    (53, '1989-03-29', 'Sheltering Spirits', 'lgillooly1g@miibeian.gov.cn', '935-549-2918'),
    (54, '1960-05-23', 'Hopeful Hounds', 'jjanuszewski1h@examiner.com', '618-268-0958'),
    (55, '1966-07-31', 'Plush Paws', 'awitten1i@de.vu', '252-636-1932'),
    (56, '1987-03-07', 'Critter Cove', 'iandrioli1j@shutterfly.com', '388-160-0137'),
    (57, '1995-09-19', 'Tailwag Haven', 'cnewsham1k@imdb.com', '993-406-9548'),
    (58, '1984-12-20', 'Bonded Blessings', 'mfley1l@netvibes.com', '737-414-0229'),
    (59, '1999-01-25', 'Meow Manor', 'smatignon1m@yellowpages.com', '616-217-9196'),
    (60, '2000-03-26', 'Hopeful Hounds', 'ftilby1n@cbsnews.com', '796-103-2118'),
    (61, '2002-04-18', 'Pawfinity Palace', 'avettore1o@sina.com.cn', '616-410-1931'),
    (62, '1971-02-15', 'Scales Sanctuary', 'sstleger1p@ehow.com', '613-504-0278'),
    (63, '1970-12-02', 'Snuggle Shelter', 'grivard1q@businessinsider.com', '951-525-6918'),
    (64, '1976-09-10', 'Flutter Haven', 'kkrysztowczyk1r@phpbb.com', '299-470-1215'),
    (65, '1985-05-13', 'Petropolis Palace', 'dsciacovelli1s@trellian.com', '663-782-4624'),
    (66, '1967-08-23', 'Serene Savanna', 'ewalaron1t@goodreads.com', '310-887-4726'),
    (67, '1974-06-12', 'Snuggle Spot', 'lcherrington1u@blogs.com', '131-245-8709'),
    (68, '1968-06-16', 'Happy Paws', 'llivett1v@biglobe.ne.jp', '243-473-5363'),
    (69, '1962-01-26', 'Creatures Comfort', 'jrockcliffe1w@google.pl', '774-772-1318'),
    (70, '1965-11-11', 'Purr Haven', 'llejeune1x@craigslist.org', '553-312-5332'),
    (71, '1986-01-12', 'Tailwag Haven', 'llintall1y@eepurl.com', '401-758-5747'),
    (72, '1965-03-07', 'Harmony Haven', 'vgillooly1z@nba.com', '273-227-9251'),
    (73, '2000-01-01', 'Sherman Animal Shelter', 'info@shermananimals.org', '313-839-1283'),
    (74, '2008-01-01', 'Mansfield County Animal Shelter', 'info@mansfieldcountyAS.com', '804-512-2154'),
    (75, '1997-07-04', 'Ryann Jacobs', 'tommie1984@gmail.com', '973-969-2480'),
    (76, '1971-06-11', 'Catherine R Chapman', 'estefania_he@yahoo.com', '717-939-1241'),
    (77, '1975-05-09', 'Pawsome Pals', 'cancliff0@jugem.jp', '776-230-6558'),
    (78, '1984-10-29', 'Hopeful Howls', 'ejaycox1@twitter.com', '648-700-2431'),
    (79, '1963-12-04', 'Forever Furballs', 'sline2@live.com', '784-584-4787'),
    (80, '1989-02-25', 'Tender Tales', 'gkleszinski3@theatlantic.com', '561-586-0920'),
    (81, '1962-02-13', 'Eternal Paws', 'itomczak4@nifty.com', '689-196-7598'),
    (82, '1967-08-03', 'Fido Haven', 'johone5@twitter.com', '367-376-2497'),
    (83, '1969-04-20', 'Hope Hounds', 'agrinikhinov6@businessweek.com', '160-392-2670'),
    (84, '1994-07-16', 'Fur-ever Friends', 'knornasell7@github.io', '190-910-5868'),
    (85, '1980-04-22', 'Tender Tales', 'bdowdell8@bloglines.com', '280-916-4331'),
    (86, '1986-05-07', 'Cuddle Rescue', 'lgolsworthy9@spotify.com', '601-137-1032'),
    (87, '1992-11-18', 'Happy Howlers', 'crohloffa@wsj.com', '705-724-3000'),
    (88, '2003-09-08', 'Tranquil Tails', 'rlivingstoneb@alibaba.com', '325-259-1902'),
    (89, '1981-05-11', 'Tranquil Tails', 'jfochc@vk.com', '912-493-4493'),
    (90, '1991-12-20', 'Paws of Love', 'mwordingtond@istockphoto.com', '859-703-9889'),
    (91, '1965-07-27', 'Tranquil Tails', 'kstormese@baidu.com', '389-261-9869'),
    (92, '1989-04-10', 'Tranquil Tails', 'amusgravef@forbes.com', '266-255-2494'),
    (93, '1999-10-29', 'Haven Hugs', 'adekeyserg@xing.com', '674-285-1399'),
    (94, '1999-02-05', 'Harmony Hounds', 'cdutth@shop-pro.jp', '521-987-9212'),
    (95, '1962-11-03', 'Blissful Barks', 'taddeycotti@angelfire.com', '945-671-0425'),
    (96, '1995-05-03', 'Gentle Growls', 'peastwoodj@naver.com', '864-997-2528'),
    (97, '1968-03-23', 'Fido Haven', 'amcgairlk@nsw.gov.au', '145-454-0174'),
    (98, '1971-01-24', 'Cuddle Rescue', 'sgillsonl@twitter.com', '103-122-1624'),
    (99, '1975-04-11', 'Whispering Tales', 'btorelm@nba.com', '788-180-9383'),
    (100, '1977-11-26', 'Snuggle Strays', 'rnealn@census.gov', '702-222-4431'),
    (101, '1975-06-22', 'Loving Legends', 'tfurzero@wordpress.org', '562-854-6585'),
    (102, '1992-08-14', 'Purr-fect Place', 'kbollansp@timesonline.co.uk', '694-592-4275'),
    (103, '2003-11-17', 'Paws of Love', 'fhuglandq@ow.ly', '149-814-3788'),
    (104, '1983-08-23', 'Graceful Growls', 'roatenr@quantcast.com', '699-324-7910'),
    (105, '1962-05-23', 'Snuggle Strays', 'lgroombridges@globo.com', '967-665-8555'),
    (106, '1976-03-14', 'Serene Scratches', 'rfrancklint@aboutads.info', '816-941-0405'),
    (107, '1988-03-03', 'Kindness Kastle', 'zdammarellu@topsy.com', '517-118-3612'),
    (108, '1975-10-08', 'Blissful Barks', 'knucciv@google.co.uk', '771-663-3815'),
    (109, '1963-11-23', 'Pawsome Pals', 'cgossingtonw@altervista.org', '734-985-7750'),
    (110, '1978-03-26', 'Harmony Hounds', 'klesliex@nps.gov', '531-461-6087'),
    (111, '1990-10-17', 'Serene Strays', 'mhedgemany@nsw.gov.au', '406-820-3847'),
    (112, '1972-04-17', 'Serene Scratches', 'ethompsonz@slideshare.net', '479-440-6225');

insert into location(location_id, user_id, location) values
    (1, 89, POINT(39.801814, -75.064032)),
    (2, 89, POINT(39.857311, -75.078631)),
    (3, 33, POINT(39.80134, -75.064032)),
    (4, 75, POINT(39.90246, -74.725711)),
    (5, 19, POINT(39.827753, -74.911015)),
    (6, 50, POINT(39.663785, -75.069619)),
    (7, 70, POINT(39.751271, -75.096718)),
    (8, 65, POINT(39.81704, -74.834776)),
    (9, 54, POINT(39.766842, -74.808986)),
    (10, 107, POINT(39.911743, -75.168687)),
    (11, 69, POINT(39.863602, -74.967415)),
    (12, 35, POINT(39.697608, -75.007492)),
    (13, 57, POINT(39.742701, -75.151431)),
    (14, 20, POINT(39.809365, -74.992862)),
    (15, 48, POINT(39.718458, -74.650669)),
    (16, 112, POINT(39.896899, -75.23054)),
    (17, 22, POINT(39.726159, -75.207495)),
    (18, 21, POINT(39.827871, -74.929525)),
    (19, 52, POINT(39.917065, -75.094649)),
    (20, 54, POINT(39.729673, -75.136562)),
    (21, 45, POINT(39.666427, -75.207057)),
    (22, 95, POINT(39.80639, -74.680343)),
    (23, 60, POINT(39.887548, -74.93384)),
    (24, 9, POINT(39.872816, -75.166208)),
    (25, 22, POINT(39.831813, -75.229033)),
    (26, 6, POINT(39.804903, -74.798428)),
    (27, 4, POINT(39.651794, -75.198213)),
    (28, 51, POINT(39.68965, -75.241178)),
    (29, 78, POINT(39.921425, -74.990836)),
    (30, 37, POINT(39.776398, -74.845136)),
    (31, 73, POINT(39.65602, -74.901838)),
    (32, 101, POINT(39.922142, -74.763799)),
    (33, 52, POINT(39.752108, -74.916031)),
    (34, 14, POINT(39.875705, -74.738916)),
    (35, 90, POINT(39.854381, -75.251656)),
    (36, 92, POINT(39.647285, -74.639776)),
    (37, 55, POINT(39.682433, -75.109809)),
    (38, 32, POINT(39.68955, -75.029929)),
    (39, 73, POINT(39.883505, -75.188201)),
    (40, 112, POINT(39.725002, -75.127403)),
    (41, 6, POINT(39.706978, -74.973569)),
    (42, 37, POINT(39.905038, -75.136085)),
    (43, 61, POINT(39.61553, -75.26718)),
    (44, 17, POINT(39.720263, -75.169493)),
    (45, 49, POINT(39.824287, -74.961914)),
    (46, 69, POINT(39.842047, -74.758527)),
    (47, 17, POINT(39.880465, -75.23862)),
    (48, 35, POINT(39.618359, -75.018303)),
    (49, 9, POINT(39.758768, -74.770016)),
    (50, 5, POINT(39.685966, -75.0779)),
    (51, 73, POINT(39.890218, -75.027924)),
    (52, 96, POINT(39.763417, -74.867062)),
    (53, 93, POINT(39.616062, -75.178993)),
    (54, 74, POINT(39.673444, -74.879164)),
    (55, 94, POINT(39.833945, -74.770519)),
    (56, 102, POINT(39.892945, -75.057303)),
    (57, 90, POINT(39.858993, -74.62033)),
    (58, 56, POINT(39.637926, -75.076618)),
    (59, 23, POINT(39.803712, -74.799239)),
    (60, 34, POINT(39.920665, -75.191342)),
    (61, 13, POINT(39.92471, -74.892672)),
    (62, 27, POINT(39.643778, -74.71285)),
    (63, 20, POINT(39.893276, -75.171581)),
    (64, 103, POINT(39.810613, -74.822521)),
    (65, 68, POINT(39.797059, -75.077385)),
    (66, 75, POINT(39.637565, -74.813766)),
    (67, 86, POINT(39.826434, -74.787394)),
    (68, 54, POINT(39.869238, -75.247118)),
    (69, 106, POINT(39.76333, -74.846482)),
    (70, 62, POINT(39.705254, -74.769988)),
    (71, 69, POINT(39.667592, -75.206176)),
    (72, 9, POINT(39.73059, -75.176648)),
    (73, 17, POINT(39.792508, -74.676038)),
    (74, 51, POINT(39.913028, -74.873213)),
    (75, 66, POINT(39.820031, -74.764554)),
    (76, 44, POINT(39.884697, -75.069498)),
    (77, 86, POINT(39.634405, -74.681603)),
    (78, 87, POINT(39.931069, -74.804467)),
    (79, 67, POINT(39.851651, -74.855012)),
    (80, 43, POINT(39.845795, -74.792576)),
    (81, 88, POINT(39.830047, -75.157805)),
    (82, 83, POINT(39.893297, -74.794687)),
    (83, 36, POINT(39.73303, -75.046702)),
    (84, 25, POINT(39.867894, -75.148916)),
    (85, 72, POINT(39.836821, -75.029035)),
    (86, 72, POINT(39.639534, -74.972017)),
    (87, 87, POINT(39.923332, -74.815607)),
    (88, 29, POINT(39.812415, -75.099561)),
    (89, 49, POINT(39.735947, -75.211212)),
    (90, 50, POINT(39.802613, -74.729593)),
    (91, 105, POINT(39.638154, -74.968705)),
    (92, 62, POINT(39.661852, -75.23417)),
    (93, 61, POINT(39.83153, -75.076739)),
    (94, 11, POINT(39.679364, -74.837007)),
    (95, 91, POINT(39.678028, -75.236311)),
    (96, 53, POINT(39.823719, -74.750519)),
    (97, 65, POINT(39.679937, -75.173885)),
    (98, 105, POINT(39.617377, -74.985607)),
    (99, 15, POINT(39.735714, -74.954411)),
    (100, 75, POINT(39.695657, -75.166293)),
    (101, 72, POINT(39.936128, -75.245646)),
    (102, 40, POINT(39.822019, -74.864252)),
    (103, 25, POINT(39.650266, -75.198076)),
    (104, 58, POINT(39.736249, -75.242497)),
    (105, 66, POINT(39.941558, -74.685229)),
    (106, 88, POINT(39.819318, -74.745449)),
    (107, 76, POINT(39.874681, -74.793211)),
    (108, 19, POINT(39.747736, -74.789464)),
    (109, 112, POINT(39.67834, -74.863626)),
    (110, 45, POINT(39.648236, -74.911589)),
    (111, 84, POINT(39.725654, -74.922607)),
    (112, 13, POINT(39.891456, -74.650438)),
    (113, 12, POINT(39.707625, -74.822462)),
    (114, 94, POINT(39.64146, -74.639279)),
    (115, 5, POINT(39.83372, -74.691755)),
    (116, 2, POINT(39.767012, -75.013599)),
    (117, 57, POINT(39.924486, -74.853663)),
    (118, 93, POINT(39.632846, -74.889215)),
    (119, 27, POINT(39.708972, -74.831012)),
    (120, 65, POINT(39.833374, -74.968728)),
    (121, 7, POINT(39.689765, -74.869542)),
    (122, 10, POINT(39.745663, -75.253031)),
    (123, 98, POINT(39.866797, -74.910093)),
    (124, 85, POINT(39.716942, -75.18041)),
    (125, 76, POINT(39.699989, -75.099724)),
    (126, 41, POINT(39.661396, -75.211574)),
    (127, 92, POINT(39.706779, -75.175202)),
    (128, 73, POINT(39.810327, -75.114367)),
    (129, 53, POINT(39.66156, -75.063084)),
    (130, 78, POINT(39.742013, -75.127682)),
    (131, 24, POINT(39.647608, -75.174644)),
    (132, 38, POINT(39.636322, -74.741151)),
    (133, 51, POINT(39.867989, -74.707967)),
    (134, 55, POINT(39.930656, -74.825557)),
    (135, 17, POINT(39.890119, -74.980343)),
    (136, 24, POINT(39.669571, -75.218338)),
    (137, 88, POINT(39.79355, -75.052845)),
    (138, 84, POINT(39.715128, -75.152451)),
    (139, 63, POINT(39.938944, -74.903911)),
    (140, 75, POINT(39.775538, -75.037409)),
    (141, 96, POINT(39.719665, -74.983204)),
    (142, 102, POINT(39.654453, -74.739456)),
    (143, 68, POINT(39.868863, -75.199211)),
    (144, 101, POINT(39.886891, -75.114564)),
    (145, 91, POINT(39.651876, -74.948485)),
    (146, 79, POINT(39.799121, -75.226835)),
    (147, 92, POINT(39.819907, -74.888493)),
    (148, 79, POINT(39.904089, -74.615576)),
    (149, 55, POINT(39.712109, -75.268355)),
    (150, 13, POINT(39.710858, -74.652671)),
    (151, 8, POINT(39.831912, -75.031629)),
    (152, 8, POINT(39.87212, -74.749601)),
    (153, 9, POINT(39.937247, -74.875134)),
    (154, 8, POINT(39.735394, -74.946544)),
    (155, 98, POINT(39.664627, -75.097983)),
    (156, 87, POINT(39.766667, -74.758225)),
    (157, 3, POINT(39.795256, -74.893898)),
    (158, 112, POINT(39.839596, -74.810045)),
    (159, 34, POINT(39.720677, -75.047226)),
    (160, 27, POINT(39.642256, -74.633957)),
    (161, 110, POINT(39.711455, -74.938527)),
    (162, 29, POINT(39.702979, -74.958577)),
    (163, 91, POINT(39.734311, -74.835636)),
    (164, 57, POINT(39.709967, -74.972224)),
    (165, 43, POINT(39.893727, -75.225158)),
    (166, 70, POINT(39.751885, -74.814683)),
    (167, 45, POINT(39.865849, -75.004342)),
    (168, 83, POINT(39.894908, -74.648538)),
    (169, 41, POINT(39.634532, -74.984823)),
    (170, 48, POINT(39.892456, -74.760826)),
    (171, 77, POINT(39.646038, -74.69422)),
    (172, 71, POINT(39.827901, -74.959699)),
    (173, 3, POINT(39.639512, -74.658492)),
    (174, 92, POINT(39.692246, -74.885954)),
    (175, 18, POINT(39.676722, -75.072436)),
    (176, 24, POINT(39.728452, -74.925405)),
    (177, 76, POINT(39.781608, -74.928859)),
    (178, 111, POINT(39.748442, -74.796206)),
    (179, 109, POINT(39.848228, -74.921433)),
    (180, 31, POINT(39.891192, -75.240388)),
    (181, 63, POINT(39.648723, -74.634325)),
    (182, 40, POINT(39.657406, -75.04938)),
    (183, 111, POINT(39.90335, -74.962654)),
    (184, 105, POINT(39.691626, -75.215418)),
    (185, 103, POINT(39.9148, -75.055517)),
    (186, 55, POINT(39.746796, -75.105577)),
    (187, 13, POINT(39.737931, -75.050456)),
    (188, 69, POINT(39.818495, -75.028833)),
    (189, 7, POINT(39.874477, -75.045178)),
    (190, 86, POINT(39.736406, -75.117683)),
    (191, 53, POINT(39.890583, -74.669366)),
    (192, 10, POINT(39.920682, -75.038094)),
    (193, 5, POINT(39.883688, -75.189806)),
    (194, 51, POINT(39.906522, -74.981255)),
    (195, 89, POINT(39.941633, -74.893118)),
    (196, 91, POINT(39.687792, -75.112218)),
    (197, 82, POINT(39.756802, -74.723143)),
    (198, 6, POINT(39.838007, -75.006596)),
    (199, 30, POINT(39.903112, -74.950159)),
    (200, 5, POINT(39.71311, -75.245093)),
    (201, 90, POINT(39.718856, -74.782935)),
    (202, 73, POINT(39.911039, -74.741157)),
    (203, 49, POINT(39.710003, -74.938337)),
    (204, 72, POINT(39.762812, -75.050649)),
    (205, 18, POINT(39.651043, -74.981155)),
    (206, 56, POINT(39.710029, -74.914117)),
    (207, 50, POINT(39.661163, -74.785721)),
    (208, 11, POINT(39.938869, -75.192019)),
    (209, 48, POINT(39.707272, -75.063842)),
    (210, 107, POINT(39.809409, -75.121569)),
    (211, 100, POINT(39.873636, -74.695132)),
    (212, 43, POINT(39.919428, -74.784686)),
    (213, 8, POINT(39.663451, -74.864692)),
    (214, 74, POINT(39.902403, -74.98969)),
    (215, 30, POINT(39.649056, -75.126862)),
    (216, 106, POINT(39.728631, -74.892716)),
    (217, 77, POINT(39.936722, -75.001227)),
    (218, 88, POINT(39.720929, -75.181981)),
    (219, 43, POINT(39.626368, -75.021379)),
    (220, 109, POINT(39.661155, -74.919862)),
    (221, 21, POINT(39.66302, -75.050667)),
    (222, 101, POINT(39.710122, -74.902445)),
    (223, 8, POINT(39.666305, -75.272306)),
    (224, 29, POINT(39.761756, -74.717395)),
    (225, 32, POINT(39.678432, -75.192937)),
    (226, 102, POINT(39.87397, -74.872487)),
    (227, 29, POINT(39.677757, -74.962846)),
    (228, 46, POINT(39.673881, -74.875297)),
    (229, 16, POINT(39.806242, -75.077749)),
    (230, 2, POINT(39.859514, -75.215538)),
    (231, 109, POINT(39.898004, -74.815097)),
    (232, 91, POINT(39.688304, -74.794716)),
    (233, 103, POINT(39.898998, -74.831871)),
    (234, 42, POINT(39.751014, -74.793528)),
    (235, 52, POINT(39.730351, -74.970589)),
    (236, 76, POINT(39.768088, -74.837714)),
    (237, 43, POINT(39.701274, -74.702438)),
    (238, 47, POINT(39.777263, -75.168858)),
    (239, 107, POINT(39.706948, -74.776439)),
    (240, 51, POINT(39.925594, -75.256373)),
    (241, 97, POINT(39.67907, -75.145235)),
    (242, 18, POINT(39.917976, -74.861415)),
    (243, 84, POINT(39.705962, -74.979821)),
    (244, 32, POINT(39.931381, -74.979951)),
    (245, 98, POINT(39.79507, -74.941905)),
    (246, 76, POINT(39.812964, -74.754064)),
    (247, 59, POINT(39.618188, -75.120751)),
    (248, 102, POINT(39.913844, -74.768773)),
    (249, 95, POINT(39.860107, -75.051309)),
    (250, 62, POINT(39.726361, -74.9378)),
    (251, 18, POINT(39.903933, -74.946541)),
    (252, 106, POINT(39.693995, -74.763112)),
    (253, 72, POINT(39.824706, -75.017176)),
    (254, 20, POINT(39.636381, -74.858621)),
    (255, 71, POINT(39.728833, -74.880692)),
    (256, 41, POINT(39.812752, -75.072939)),
    (257, 69, POINT(39.846879, -74.622017)),
    (258, 82, POINT(39.662848, -75.21695)),
    (259, 63, POINT(39.888171, -75.108629)),
    (260, 89, POINT(39.764277, -74.920076)),
    (261, 73, POINT(39.832821, -75.231888)),
    (262, 111, POINT(39.899027, -75.273364)),
    (263, 48, POINT(39.627243, -74.770588)),
    (264, 10, POINT(39.901333, -74.857124)),
    (265, 14, POINT(39.815433, -75.152371)),
    (266, 32, POINT(39.911034, -74.748252)),
    (267, 17, POINT(39.875799, -75.010927)),
    (268, 92, POINT(39.854698, -75.083389)),
    (269, 97, POINT(39.837871, -74.806197)),
    (270, 88, POINT(39.680078, -74.956424)),
    (271, 91, POINT(39.935156, -74.878308)),
    (272, 11, POINT(39.841777, -74.877712)),
    (273, 99, POINT(39.723748, -74.93928)),
    (274, 11, POINT(39.932381, -74.907587)),
    (275, 79, POINT(39.709941, -74.914354)),
    (276, 61, POINT(39.662749, -75.06658)),
    (277, 102, POINT(39.865528, -74.663951)),
    (278, 52, POINT(39.786059, -74.915134)),
    (279, 24, POINT(39.624466, -74.681059)),
    (280, 27, POINT(39.858437, -75.25978)),
    (281, 79, POINT(39.902269, -74.675304)),
    (282, 41, POINT(39.830612, -74.97146)),
    (283, 85, POINT(39.719401, -75.000983)),
    (284, 11, POINT(39.834093, -74.851957)),
    (285, 58, POINT(39.916956, -75.243772)),
    (286, 65, POINT(39.672694, -75.069272)),
    (287, 92, POINT(39.886369, -74.964061)),
    (288, 51, POINT(39.632477, -74.70878)),
    (289, 105, POINT(39.72734, -75.017121)),
    (290, 5, POINT(39.761159, -75.054107)),
    (291, 81, POINT(39.862117, -74.617364)),
    (292, 79, POINT(39.80283, -74.79327)),
    (293, 51, POINT(39.813582, -75.266925)),
    (294, 44, POINT(39.7453, -74.916027)),
    (295, 3, POINT(39.72267, -75.045492)),
    (296, 34, POINT(39.886317, -75.276378)),
    (297, 98, POINT(39.649954, -74.619792)),
    (298, 84, POINT(39.735441, -75.176362)),
    (299, 56, POINT(39.92741, -74.811728)),
    (300, 4, POINT(39.738352, -75.239472)),
    (301, 3, POINT(39.665371, -74.841624)),
    (302, 92, POINT(39.856291, -75.206286)),
    (303, 76, POINT(39.698057, -75.035216)),
    (304, 110, POINT(39.786301, -74.812008)),
    (305, 63, POINT(39.670093, -74.889899)),
    (306, 11, POINT(39.828608, -74.735421)),
    (307, 76, POINT(39.858358, -75.012801)),
    (308, 27, POINT(39.916738, -74.630807)),
    (309, 36, POINT(39.636201, -74.770299)),
    (310, 82, POINT(39.690047, -75.268048)),
    (311, 79, POINT(39.806073, -75.104547)),
    (312, 26, POINT(39.711278, -74.809885)),
    (313, 6, POINT(39.855021, -75.247279)),
    (314, 91, POINT(39.791082, -74.716314)),
    (315, 61, POINT(39.838172, -75.104251)),
    (316, 65, POINT(39.863884, -75.177959)),
    (317, 47, POINT(39.650941, -75.273945)),
    (318, 37, POINT(39.677549, -75.109158)),
    (319, 97, POINT(39.734681, -74.620176)),
    (320, 64, POINT(39.824284, -75.073182)),
    (321, 43, POINT(39.675191, -74.709354)),
    (322, 71, POINT(39.619754, -74.980501)),
    (323, 84, POINT(39.688155, -74.755306)),
    (324, 102, POINT(39.788765, -74.968428)),
    (325, 23, POINT(39.65109, -75.105843)),
    (326, 34, POINT(39.812249, -74.945382)),
    (327, 8, POINT(39.774804, -74.89757)),
    (328, 107, POINT(39.772981, -75.012238)),
    (329, 76, POINT(39.680535, -74.836531)),
    (330, 18, POINT(39.823935, -75.240576)),
    (331, 92, POINT(39.668925, -74.68986)),
    (332, 1, POINT(39.877703, -74.651317)),
    (333, 6, POINT(39.673122, -75.10662)),
    (334, 13, POINT(39.797336, -74.811215)),
    (335, 64, POINT(39.737204, -74.880734)),
    (336, 103, POINT(39.75165, -74.680725)),
    (337, 26, POINT(39.733295, -74.960244)),
    (338, 85, POINT(39.782739, -75.265503)),
    (339, 19, POINT(39.84751, -75.03598)),
    (340, 62, POINT(39.74096, -75.154833)),
    (341, 72, POINT(39.663603, -74.615432)),
    (342, 23, POINT(39.877504, -74.819142)),
    (343, 82, POINT(39.793161, -75.088055)),
    (344, 55, POINT(39.884575, -74.993605)),
    (345, 75, POINT(39.830295, -74.685178)),
    (346, 50, POINT(39.737142, -74.791953)),
    (347, 100, POINT(39.741607, -74.970118)),
    (348, 110, POINT(39.666793, -74.96129)),
    (349, 91, POINT(39.779485, -75.083363)),
    (350, 48, POINT(39.860526, -75.013627)),
    (351, 95, POINT(39.778638, -74.813642)),
    (352, 52, POINT(39.755163, -75.004222)),
    (353, 58, POINT(39.900659, -74.936358)),
    (354, 92, POINT(39.696063, -75.21907)),
    (355, 2, POINT(39.662451, -74.87859)),
    (356, 31, POINT(39.721545, -75.247592)),
    (357, 58, POINT(39.635009, -74.872803)),
    (358, 111, POINT(39.835229, -74.759165)),
    (359, 21, POINT(39.769552, -74.70781)),
    (360, 78, POINT(39.740807, -74.862456)),
    (361, 93, POINT(39.793878, -74.834348)),
    (362, 15, POINT(39.937299, -75.056961)),
    (363, 77, POINT(39.751765, -74.872323)),
    (364, 60, POINT(39.905375, -75.135607)),
    (365, 101, POINT(39.935309, -74.650968)),
    (366, 109, POINT(39.854644, -74.714221)),
    (367, 40, POINT(39.860247, -74.69494)),
    (368, 56, POINT(39.792119, -74.973429)),
    (369, 53, POINT(39.64898, -74.9806)),
    (370, 52, POINT(39.762549, -75.049201)),
    (371, 100, POINT(39.804967, -75.002186)),
    (372, 15, POINT(39.744031, -75.132974)),
    (373, 81, POINT(39.914042, -74.616365)),
    (374, 31, POINT(39.752306, -74.965674)),
    (375, 96, POINT(39.630323, -75.047072)),
    (376, 15, POINT(39.822784, -75.098398)),
    (377, 5, POINT(39.693357, -74.782855)),
    (378, 36, POINT(39.855569, -74.912297)),
    (379, 17, POINT(39.861483, -74.674678)),
    (380, 86, POINT(39.696818, -74.730053)),
    (381, 54, POINT(39.664239, -74.967432)),
    (382, 2, POINT(39.917446, -75.125926)),
    (383, 95, POINT(39.711328, -74.794582)),
    (384, 35, POINT(39.767847, -74.899221)),
    (385, 99, POINT(39.617536, -74.713865)),
    (386, 70, POINT(39.852346, -75.009498)),
    (387, 68, POINT(39.721312, -75.051721)),
    (388, 7, POINT(39.74238, -74.876708)),
    (389, 9, POINT(39.821886, -74.962908)),
    (390, 10, POINT(39.754529, -75.175356)),
    (391, 37, POINT(39.774124, -74.822638)),
    (392, 103, POINT(39.72493, -74.993232)),
    (393, 111, POINT(39.757458, -74.667225)),
    (394, 53, POINT(39.817279, -75.125191)),
    (395, 96, POINT(39.649123, -74.708296)),
    (396, 107, POINT(39.841263, -74.856496)),
    (397, 100, POINT(39.615673, -74.668768)),
    (398, 28, POINT(39.671725, -74.624277)),
    (399, 95, POINT(39.636813, -74.691285)),
    (400, 101, POINT(39.836819, -74.788207)),
    (401, 96, POINT(39.812874, -74.755373)),
    (402, 89, POINT(39.714097, -74.684928)),
    (403, 68, POINT(39.733456, -74.984633)),
    (404, 56, POINT(39.634578, -74.76999)),
    (405, 73, POINT(39.849886, -75.03017)),
    (406, 46, POINT(39.702427, -74.814572)),
    (407, 67, POINT(39.935152, -75.121687)),
    (408, 56, POINT(39.820747, -74.843858)),
    (409, 104, POINT(39.911435, -74.756643)),
    (410, 39, POINT(39.895263, -75.182361)),
    (411, 42, POINT(39.917213, -74.638325)),
    (412, 101, POINT(39.828166, -75.097971)),
    (413, 107, POINT(39.720243, -75.106813)),
    (414, 36, POINT(39.865381, -74.776471)),
    (415, 71, POINT(39.624479, -74.692307)),
    (416, 6, POINT(39.798485, -74.888148)),
    (417, 10, POINT(39.861136, -74.809491)),
    (418, 34, POINT(39.771333, -74.792302)),
    (419, 25, POINT(39.858148, -75.21751)),
    (420, 46, POINT(39.834809, -74.814845)),
    (421, 70, POINT(39.625066, -74.892654)),
    (422, 74, POINT(39.641886, -75.256674)),
    (423, 100, POINT(39.894329, -75.174827)),
    (424, 90, POINT(39.624808, -75.124206)),
    (425, 42, POINT(39.646554, -75.120679)),
    (426, 11, POINT(39.844425, -74.786498)),
    (427, 60, POINT(39.855098, -74.831062)),
    (428, 96, POINT(39.716916, -75.165793)),
    (429, 44, POINT(39.663905, -74.806237)),
    (430, 21, POINT(39.806981, -74.858596)),
    (431, 45, POINT(39.722575, -75.273281)),
    (432, 68, POINT(39.860533, -74.793021)),
    (433, 97, POINT(39.726872, -74.852521)),
    (434, 83, POINT(39.841412, -74.971484)),
    (435, 21, POINT(39.625021, -75.202493)),
    (436, 17, POINT(39.891594, -74.66105)),
    (437, 16, POINT(39.9274, -75.261229)),
    (438, 108, POINT(39.918043, -75.234782)),
    (439, 94, POINT(39.649048, -74.710032)),
    (440, 100, POINT(39.711961, -74.649341)),
    (441, 14, POINT(39.628687, -75.248045)),
    (442, 36, POINT(39.707564, -75.249506)),
    (443, 48, POINT(39.788658, -74.953578)),
    (444, 35, POINT(39.746554, -74.793925)),
    (445, 2, POINT(39.685503, -75.023304)),
    (446, 11, POINT(39.765972, -74.623247)),
    (447, 48, POINT(39.776769, -75.111553)),
    (448, 102, POINT(39.930154, -75.026633)),
    (449, 51, POINT(39.722228, -74.658943)),
    (450, 36, POINT(39.80346, -74.741543)),
    (451, 28, POINT(39.932518, -74.849131)),
    (452, 23, POINT(39.654618, -75.059191)),
    (453, 82, POINT(39.913343, -75.055282)),
    (454, 90, POINT(39.617781, -75.055023)),
    (455, 99, POINT(39.775374, -75.101968)),
    (456, 80, POINT(39.773714, -74.923088)),
    (457, 80, POINT(39.669409, -75.073821)),
    (458, 112, POINT(39.740344, -74.659713)),
    (459, 106, POINT(39.805248, -74.741013)),
    (460, 61, POINT(39.804159, -74.811774)),
    (461, 75, POINT(39.796814, -74.83615)),
    (462, 91, POINT(39.779155, -74.96738)),
    (463, 30, POINT(39.772119, -74.810415)),
    (464, 81, POINT(39.668513, -75.211353)),
    (465, 24, POINT(39.860845, -74.829869)),
    (466, 55, POINT(39.847155, -74.966235)),
    (467, 68, POINT(39.66691, -75.036728)),
    (468, 21, POINT(39.70201, -74.97668)),
    (469, 6, POINT(39.723884, -74.748712)),
    (470, 41, POINT(39.875243, -75.151226)),
    (471, 19, POINT(39.823015, -75.130615)),
    (472, 5, POINT(39.626614, -74.921045)),
    (473, 85, POINT(39.830291, -74.762658)),
    (474, 96, POINT(39.718493, -75.136974)),
    (475, 23, POINT(39.710926, -75.067401)),
    (476, 82, POINT(39.669628, -75.231804)),
    (477, 51, POINT(39.836518, -74.705792)),
    (478, 101, POINT(39.897475, -74.773435)),
    (479, 84, POINT(39.72782, -74.85019)),
    (480, 15, POINT(39.856318, -75.234526)),
    (481, 71, POINT(39.750717, -74.696788)),
    (482, 104, POINT(39.671974, -74.965823)),
    (483, 30, POINT(39.664044, -75.100874)),
    (484, 13, POINT(39.896552, -75.085192)),
    (485, 51, POINT(39.82384, -74.969412)),
    (486, 40, POINT(39.877747, -75.063916)),
    (487, 35, POINT(39.908957, -75.155123)),
    (488, 38, POINT(39.741857, -75.025298)),
    (489, 64, POINT(39.786681, -74.772564)),
    (490, 102, POINT(39.713229, -74.655495)),
    (491, 57, POINT(39.889267, -75.210952)),
    (492, 109, POINT(39.674164, -75.229802)),
    (493, 23, POINT(39.92124, -74.798646)),
    (494, 83, POINT(39.773671, -74.625354)),
    (495, 80, POINT(39.623769, -74.919133)),
    (496, 98, POINT(39.763723, -74.721524)),
    (497, 76, POINT(39.72686, -74.868905)),
    (498, 9, POINT(39.761815, -74.983759)),
    (499, 38, POINT(39.756759, -75.053793)),
    (500, 45, POINT(39.704078, -74.67785)),
    (501, 1, POINT(39.8934, -74.755434)),
    (502, 99, POINT(39.925087, -75.174766)),
    (503, 23, POINT(39.866838, -74.797712)),
    (504, 71, POINT(39.688361, -74.971985)),
    (505, 18, POINT(39.930263, -75.044926)),
    (506, 110, POINT(39.670087, -74.775378)),
    (507, 53, POINT(39.859515, -75.238051)),
    (508, 46, POINT(39.668602, -74.763146)),
    (509, 28, POINT(39.879586, -75.268453)),
    (510, 44, POINT(39.708375, -75.273635)),
    (511, 70, POINT(39.788107, -74.74016)),
    (512, 67, POINT(39.653601, -74.943217)),
    (513, 16, POINT(39.733795, -74.653042)),
    (514, 84, POINT(39.883901, -74.917505)),
    (515, 98, POINT(39.75648, -75.252226)),
    (516, 22, POINT(39.889777, -74.805011)),
    (517, 22, POINT(39.891235, -74.861381)),
    (518, 106, POINT(39.913594, -75.038775)),
    (519, 71, POINT(39.81925, -75.077766)),
    (520, 69, POINT(39.859847, -74.904834)),
    (521, 74, POINT(39.635813, -75.072893)),
    (522, 69, POINT(39.693525, -75.191287)),
    (523, 23, POINT(39.622307, -74.921889)),
    (524, 105, POINT(39.930011, -74.922483)),
    (525, 78, POINT(39.798758, -74.895281)),
    (526, 78, POINT(39.671313, -74.942307)),
    (527, 46, POINT(39.785625, -74.659503)),
    (528, 103, POINT(39.777381, -74.774303)),
    (529, 105, POINT(39.749372, -74.827935)),
    (530, 95, POINT(39.690453, -74.995903)),
    (531, 38, POINT(39.761678, -74.714963)),
    (532, 53, POINT(39.642096, -74.906518)),
    (533, 2, POINT(39.658315, -75.26759)),
    (534, 36, POINT(39.911197, -75.100693)),
    (535, 101, POINT(39.878898, -75.141227)),
    (536, 85, POINT(39.708365, -74.976003)),
    (537, 31, POINT(39.849456, -74.826619)),
    (538, 60, POINT(39.784974, -75.203376)),
    (539, 18, POINT(39.866078, -75.251117)),
    (540, 11, POINT(39.652824, -74.797362)),
    (541, 59, POINT(39.805613, -75.159491)),
    (542, 90, POINT(39.648692, -74.883269)),
    (543, 36, POINT(39.829621, -75.02012)),
    (544, 103, POINT(39.893603, -75.260094)),
    (545, 27, POINT(39.661514, -75.240566)),
    (546, 40, POINT(39.695125, -74.901573)),
    (547, 17, POINT(39.763686, -75.095803)),
    (548, 39, POINT(39.933108, -74.774425)),
    (549, 60, POINT(39.808656, -75.178881)),
    (550, 42, POINT(39.683371, -74.708298)),
    (551, 11, POINT(39.822833, -74.669524)),
    (552, 58, POINT(39.875758, -75.15682)),
    (553, 88, POINT(39.806221, -74.723257)),
    (554, 19, POINT(39.682854, -75.106761)),
    (555, 61, POINT(39.907418, -74.794383)),
    (556, 2, POINT(39.689705, -75.065647)),
    (557, 96, POINT(39.627443, -75.121462)),
    (558, 4, POINT(39.701384, -75.097902)),
    (559, 95, POINT(39.778047, -75.151553)),
    (560, 86, POINT(39.691833, -75.092551)),
    (561, 85, POINT(39.921503, -75.271419)),
    (562, 56, POINT(39.822921, -74.644723)),
    (563, 42, POINT(39.729547, -74.833914)),
    (564, 104, POINT(39.825107, -75.059663)),
    (565, 7, POINT(39.915787, -75.24441)),
    (566, 88, POINT(39.66928, -74.657553)),
    (567, 35, POINT(39.774257, -75.005293)),
    (568, 86, POINT(39.916338, -75.131512)),
    (569, 42, POINT(39.722505, -74.998539)),
    (570, 36, POINT(39.828603, -75.196432)),
    (571, 21, POINT(39.700877, -75.151983)),
    (572, 18, POINT(39.615449, -75.013231)),
    (573, 103, POINT(39.790545, -74.649275)),
    (574, 88, POINT(39.738983, -75.000174)),
    (575, 110, POINT(39.800792, -74.697371)),
    (576, 79, POINT(39.754907, -75.176159)),
    (577, 60, POINT(39.92256, -74.878996)),
    (578, 12, POINT(39.935046, -74.778534)),
    (579, 16, POINT(39.899936, -74.869789)),
    (580, 21, POINT(39.700482, -75.209992)),
    (581, 99, POINT(39.63404, -75.209742)),
    (582, 51, POINT(39.735191, -75.162944)),
    (583, 62, POINT(39.812721, -74.635033)),
    (584, 9, POINT(39.704179, -74.631598)),
    (585, 12, POINT(39.884646, -74.838716)),
    (586, 103, POINT(39.933866, -75.210446)),
    (587, 77, POINT(39.668605, -75.031885)),
    (588, 72, POINT(39.648983, -75.079922)),
    (589, 23, POINT(39.887476, -74.975871)),
    (590, 110, POINT(39.702587, -74.881766)),
    (591, 103, POINT(39.643598, -74.84479)),
    (592, 65, POINT(39.683035, -75.019485)),
    (593, 5, POINT(39.894717, -75.16248)),
    (594, 19, POINT(39.822164, -74.71959)),
    (595, 14, POINT(39.851558, -74.832968)),
    (596, 5, POINT(39.877651, -74.952339)),
    (597, 3, POINT(39.645229, -74.741034)),
    (598, 6, POINT(39.703553, -75.217893)),
    (599, 5, POINT(39.786106, -74.662527)),
    (600, 52, POINT(39.829676, -75.224625)),
    (601, 91, POINT(39.65442, -74.644037)),
    (602, 88, POINT(39.653094, -74.975388)),
    (603, 66, POINT(39.813543, -75.187087)),
    (604, 45, POINT(39.749403, -75.185527)),
    (605, 10, POINT(39.931588, -74.727742)),
    (606, 17, POINT(39.753472, -75.044089)),
    (607, 4, POINT(39.65852, -74.897612)),
    (608, 21, POINT(39.713608, -75.161498)),
    (609, 32, POINT(39.700973, -74.959065)),
    (610, 99, POINT(39.788095, -75.141629)),
    (611, 36, POINT(39.809121, -74.938277)),
    (612, 40, POINT(39.643637, -74.793626)),
    (613, 62, POINT(39.703887, -74.683062)),
    (614, 22, POINT(39.710312, -75.164616)),
    (615, 4, POINT(39.844721, -75.134615)),
    (616, 73, POINT(39.900503, -75.23926)),
    (617, 90, POINT(39.625151, -75.120514)),
    (618, 108, POINT(39.641289, -74.919418)),
    (619, 13, POINT(39.774476, -74.750686)),
    (620, 46, POINT(39.778008, -74.645328)),
    (621, 41, POINT(39.787801, -75.274873)),
    (622, 66, POINT(39.723088, -74.875688)),
    (623, 68, POINT(39.787843, -74.633591)),
    (624, 56, POINT(39.747193, -75.239948)),
    (625, 59, POINT(39.702288, -74.833749)),
    (626, 20, POINT(39.658811, -75.219)),
    (627, 46, POINT(39.796028, -74.860208)),
    (628, 18, POINT(39.846486, -74.974621)),
    (629, 31, POINT(39.661193, -75.042959)),
    (630, 105, POINT(39.736416, -75.245773)),
    (631, 47, POINT(39.725064, -75.089957)),
    (632, 35, POINT(39.759565, -75.015199)),
    (633, 42, POINT(39.82631, -75.208775)),
    (634, 32, POINT(39.92898, -75.236322)),
    (635, 105, POINT(39.716751, -75.044729)),
    (636, 41, POINT(39.899981, -75.040465)),
    (637, 73, POINT(39.85684, -75.002526)),
    (638, 22, POINT(39.817287, -75.061432)),
    (639, 61, POINT(39.72818, -75.044803)),
    (640, 50, POINT(39.881222, -74.739185)),
    (641, 81, POINT(39.678929, -75.036552)),
    (642, 27, POINT(39.705962, -74.891503)),
    (643, 65, POINT(39.698103, -74.938592)),
    (644, 107, POINT(39.630485, -75.168919)),
    (645, 45, POINT(39.702609, -74.734463)),
    (646, 43, POINT(39.665642, -74.67484)),
    (647, 24, POINT(39.760171, -74.945621)),
    (648, 32, POINT(39.894271, -75.137672)),
    (649, 86, POINT(39.920779, -75.178161)),
    (650, 41, POINT(39.841658, -74.683916)),
    (651, 24, POINT(39.83003, -74.902914)),
    (652, 21, POINT(39.867245, -74.745218)),
    (653, 80, POINT(39.707184, -74.729011)),
    (654, 29, POINT(39.851839, -75.200808)),
    (655, 42, POINT(39.736672, -74.650238)),
    (656, 35, POINT(39.738587, -74.975537)),
    (657, 33, POINT(39.777044, -75.084689)),
    (658, 47, POINT(39.750539, -75.137497)),
    (659, 84, POINT(39.696521, -75.06795)),
    (660, 10, POINT(39.724597, -75.154006)),
    (661, 42, POINT(39.927403, -75.14985)),
    (662, 32, POINT(39.65002, -75.128733)),
    (663, 105, POINT(39.643107, -74.675606)),
    (664, 48, POINT(39.831681, -74.971802)),
    (665, 74, POINT(39.76845, -75.204997)),
    (666, 61, POINT(39.884748, -74.728014)),
    (667, 107, POINT(39.638609, -75.014943)),
    (668, 54, POINT(39.701878, -74.729921)),
    (669, 42, POINT(39.777008, -75.158843)),
    (670, 21, POINT(39.808144, -75.057824)),
    (671, 67, POINT(39.810803, -74.904454)),
    (672, 55, POINT(39.666542, -74.640608)),
    (673, 28, POINT(39.731899, -75.204694)),
    (674, 65, POINT(39.630698, -74.645735)),
    (675, 50, POINT(39.831777, -74.856987)),
    (676, 9, POINT(39.891802, -74.640853)),
    (677, 47, POINT(39.641435, -75.040111)),
    (678, 82, POINT(39.7311, -74.9127)),
    (679, 83, POINT(39.911661, -74.769332)),
    (680, 85, POINT(39.931854, -75.003129)),
    (681, 88, POINT(39.770369, -75.061497)),
    (682, 84, POINT(39.940153, -74.679127)),
    (683, 66, POINT(39.616101, -74.911164)),
    (684, 94, POINT(39.934878, -74.990545)),
    (685, 20, POINT(39.860546, -74.785594)),
    (686, 23, POINT(39.876074, -74.865545)),
    (687, 16, POINT(39.749512, -74.727256)),
    (688, 75, POINT(39.8259, -74.641249)),
    (689, 59, POINT(39.675308, -74.856169)),
    (690, 66, POINT(39.799196, -74.890625)),
    (691, 39, POINT(39.616112, -74.819143)),
    (692, 62, POINT(39.720492, -74.701062)),
    (693, 98, POINT(39.884219, -74.651146)),
    (694, 69, POINT(39.673824, -74.939615)),
    (695, 19, POINT(39.68773, -74.966077)),
    (696, 2, POINT(39.894534, -75.18645)),
    (697, 36, POINT(39.919478, -74.658009)),
    (698, 77, POINT(39.93691, -75.063058)),
    (699, 79, POINT(39.942837, -75.056633)),
    (700, 95, POINT(39.626371, -75.005494)),
    (701, 17, POINT(39.820695, -74.663177)),
    (702, 6, POINT(39.717481, -74.829379)),
    (703, 77, POINT(39.918441, -74.804272)),
    (704, 95, POINT(39.699069, -74.871465)),
    (705, 100, POINT(39.639496, -75.226799)),
    (706, 94, POINT(39.689309, -75.124378)),
    (707, 50, POINT(39.703377, -74.802724)),
    (708, 78, POINT(39.934801, -74.830458)),
    (709, 46, POINT(39.842806, -75.161456)),
    (710, 26, POINT(39.645201, -75.058504)),
    (711, 37, POINT(39.911621, -74.903467)),
    (712, 12, POINT(39.894927, -75.200626)),
    (713, 58, POINT(39.627117, -74.925806)),
    (714, 50, POINT(39.707995, -74.737233)),
    (715, 16, POINT(39.774556, -75.092192)),
    (716, 47, POINT(39.875491, -75.001139)),
    (717, 4, POINT(39.763715, -74.712507)),
    (718, 84, POINT(39.684354, -75.140432)),
    (719, 5, POINT(39.810737, -74.9247)),
    (720, 44, POINT(39.721398, -75.1667)),
    (721, 1, POINT(39.872785, -75.234962)),
    (722, 12, POINT(39.781665, -74.956928)),
    (723, 46, POINT(39.876885, -75.233174)),
    (724, 100, POINT(39.682038, -75.217795)),
    (725, 10, POINT(39.905923, -74.895728)),
    (726, 82, POINT(39.635962, -74.698066)),
    (727, 17, POINT(39.67919, -75.229317)),
    (728, 55, POINT(39.630702, -74.703073)),
    (729, 6, POINT(39.916557, -75.017953)),
    (730, 81, POINT(39.779486, -74.764107)),
    (731, 82, POINT(39.663578, -75.113045)),
    (732, 39, POINT(39.901832, -75.142133)),
    (733, 109, POINT(39.756405, -74.966409)),
    (734, 107, POINT(39.928461, -74.995699)),
    (735, 5, POINT(39.907561, -75.274071)),
    (736, 43, POINT(39.654833, -75.177533)),
    (737, 27, POINT(39.821861, -75.209197)),
    (738, 55, POINT(39.781214, -75.272638)),
    (739, 103, POINT(39.652938, -74.719543)),
    (740, 42, POINT(39.645683, -74.694703)),
    (741, 37, POINT(39.829356, -74.730028)),
    (742, 17, POINT(39.793077, -74.653965)),
    (743, 33, POINT(39.888537, -75.237051)),
    (744, 81, POINT(39.757248, -75.023741)),
    (745, 36, POINT(39.636273, -74.984753)),
    (746, 74, POINT(39.765465, -74.773029)),
    (747, 65, POINT(39.909582, -74.876734)),
    (748, 33, POINT(39.85209, -74.805327)),
    (749, 100, POINT(39.831468, -75.185433)),
    (750, 98, POINT(39.83312, -74.637241)),
    (751, 103, POINT(39.809861, -75.073392)),
    (752, 75, POINT(39.925197, -74.651543)),
    (753, 89, POINT(39.796569, -74.947115)),
    (754, 63, POINT(39.810214, -75.211668)),
    (755, 47, POINT(39.915457, -75.24006)),
    (756, 40, POINT(39.798929, -74.839345)),
    (757, 28, POINT(39.647575, -75.101266)),
    (758, 90, POINT(39.780625, -75.018808)),
    (759, 95, POINT(39.692592, -75.197571)),
    (760, 98, POINT(39.684049, -74.944261)),
    (761, 98, POINT(39.789341, -74.890561)),
    (762, 67, POINT(39.788989, -75.215129)),
    (763, 62, POINT(39.93061, -75.256067)),
    (764, 50, POINT(39.639742, -74.847228)),
    (765, 96, POINT(39.733082, -75.041301)),
    (766, 104, POINT(39.805313, -74.847132)),
    (767, 107, POINT(39.887736, -74.903604)),
    (768, 71, POINT(39.833444, -75.209517)),
    (769, 81, POINT(39.826656, -74.823805)),
    (770, 63, POINT(39.728694, -74.921883)),
    (771, 60, POINT(39.714077, -75.002541)),
    (772, 85, POINT(39.665704, -74.801293)),
    (773, 68, POINT(39.807505, -74.854496)),
    (774, 107, POINT(39.769027, -74.733198)),
    (775, 102, POINT(39.787091, -75.055735)),
    (776, 91, POINT(39.71758, -75.010763)),
    (777, 60, POINT(39.929895, -74.703882)),
    (778, 30, POINT(39.700984, -75.010157)),
    (779, 2, POINT(39.69497, -74.929722)),
    (780, 62, POINT(39.727833, -74.771758)),
    (781, 52, POINT(39.917465, -75.154952)),
    (782, 11, POINT(39.626048, -75.101433)),
    (783, 98, POINT(39.838552, -75.180819)),
    (784, 89, POINT(39.737972, -75.174279)),
    (785, 88, POINT(39.843029, -74.951592)),
    (786, 109, POINT(39.920011, -75.113069)),
    (787, 110, POINT(39.752931, -75.235613)),
    (788, 54, POINT(39.800932, -75.151563)),
    (789, 84, POINT(39.624467, -75.099791)),
    (790, 70, POINT(39.863303, -74.783503)),
    (791, 82, POINT(39.644655, -75.141651)),
    (792, 32, POINT(39.841055, -74.881005)),
    (793, 61, POINT(39.699907, -74.69352)),
    (794, 75, POINT(39.869355, -74.61942)),
    (795, 4, POINT(39.934321, -75.075561)),
    (796, 79, POINT(39.791476, -74.868127)),
    (797, 18, POINT(39.721895, -75.148283)),
    (798, 45, POINT(39.6741, -75.162598)),
    (799, 101, POINT(39.70797, -75.266494)),
    (800, 59, POINT(39.802514, -75.129042)),
    (801, 15, POINT(39.827504, -74.764909)),
    (802, 69, POINT(39.704099, -75.247345)),
    (803, 108, POINT(39.747729, -74.853932)),
    (804, 57, POINT(39.683154, -74.819106)),
    (805, 21, POINT(39.729322, -74.761795)),
    (806, 77, POINT(39.714676, -75.252328)),
    (807, 90, POINT(39.652952, -74.965124)),
    (808, 23, POINT(39.772107, -75.081644)),
    (809, 69, POINT(39.700306, -75.097499)),
    (810, 44, POINT(39.711373, -75.096412)),
    (811, 42, POINT(39.890209, -74.990415)),
    (812, 92, POINT(39.749206, -75.263054)),
    (813, 2, POINT(39.656069, -75.099552)),
    (814, 30, POINT(39.852464, -75.258289)),
    (815, 10, POINT(39.86935, -75.165748)),
    (816, 79, POINT(39.663078, -75.175604)),
    (817, 100, POINT(39.866304, -74.922707)),
    (818, 68, POINT(39.914383, -74.667033)),
    (819, 57, POINT(39.916517, -75.008607)),
    (820, 103, POINT(39.923308, -75.257122)),
    (821, 42, POINT(39.746464, -74.620297)),
    (822, 46, POINT(39.737013, -74.73448)),
    (823, 95, POINT(39.754464, -74.701921)),
    (824, 30, POINT(39.668572, -75.06712)),
    (825, 109, POINT(39.914301, -74.896282)),
    (826, 28, POINT(39.645047, -75.072324)),
    (827, 18, POINT(39.713459, -74.803688)),
    (828, 20, POINT(39.872987, -75.04832)),
    (829, 83, POINT(39.725725, -74.67621)),
    (830, 56, POINT(39.826294, -74.667364)),
    (831, 58, POINT(39.680316, -75.134058)),
    (832, 33, POINT(39.881021, -74.630765)),
    (833, 19, POINT(39.696737, -74.713768)),
    (834, 104, POINT(39.924385, -74.938489)),
    (835, 68, POINT(39.848714, -75.019969)),
    (836, 95, POINT(39.640303, -75.241331)),
    (837, 4, POINT(39.883871, -74.756075)),
    (838, 109, POINT(39.925947, -75.035376)),
    (839, 35, POINT(39.849762, -74.700719)),
    (840, 90, POINT(39.942165, -74.991933)),
    (841, 6, POINT(39.93065, -75.12739)),
    (842, 78, POINT(39.927311, -75.023521)),
    (843, 63, POINT(39.725764, -74.98293)),
    (844, 81, POINT(39.671305, -75.231396)),
    (845, 106, POINT(39.76778, -75.104682)),
    (846, 102, POINT(39.704814, -75.087507)),
    (847, 107, POINT(39.741315, -75.241733)),
    (848, 19, POINT(39.846622, -74.833772)),
    (849, 4, POINT(39.850093, -74.667747)),
    (850, 25, POINT(39.74447, -74.732337)),
    (851, 22, POINT(39.617242, -74.750231)),
    (852, 2, POINT(39.711948, -74.665613)),
    (853, 12, POINT(39.697902, -75.192431)),
    (854, 10, POINT(39.796841, -74.931524)),
    (855, 72, POINT(39.686675, -74.861131)),
    (856, 64, POINT(39.633039, -74.966561)),
    (857, 100, POINT(39.726954, -75.190089)),
    (858, 58, POINT(39.870027, -74.785629)),
    (859, 62, POINT(39.62405, -74.781618)),
    (860, 52, POINT(39.830503, -74.751573)),
    (861, 110, POINT(39.734019, -75.23295)),
    (862, 94, POINT(39.789749, -75.164731)),
    (863, 87, POINT(39.677623, -75.015291)),
    (864, 49, POINT(39.835467, -75.039426)),
    (865, 19, POINT(39.677568, -74.634598)),
    (866, 95, POINT(39.799603, -74.741207)),
    (867, 104, POINT(39.813988, -75.213473)),
    (868, 89, POINT(39.758853, -75.04085)),
    (869, 70, POINT(39.768986, -75.132687)),
    (870, 60, POINT(39.826034, -74.840474)),
    (871, 29, POINT(39.773476, -75.149398)),
    (872, 45, POINT(39.861978, -74.792456)),
    (873, 67, POINT(39.618497, -75.007571)),
    (874, 69, POINT(39.897446, -74.873791)),
    (875, 43, POINT(39.848109, -74.710205)),
    (876, 98, POINT(39.659591, -75.157397)),
    (877, 50, POINT(39.756069, -74.637798)),
    (878, 48, POINT(39.716023, -75.208389)),
    (879, 38, POINT(39.658605, -74.854803)),
    (880, 32, POINT(39.771553, -74.921703)),
    (881, 81, POINT(39.645652, -74.997077)),
    (882, 76, POINT(39.820502, -74.624761)),
    (883, 101, POINT(39.933981, -75.102254)),
    (884, 38, POINT(39.751736, -74.871829)),
    (885, 26, POINT(39.679247, -74.911508)),
    (886, 108, POINT(39.721508, -74.84667)),
    (887, 15, POINT(39.624812, -74.66821)),
    (888, 53, POINT(39.840609, -75.206038)),
    (889, 79, POINT(39.938328, -75.067114)),
    (890, 102, POINT(39.734018, -74.747182)),
    (891, 63, POINT(39.664725, -75.160401)),
    (892, 82, POINT(39.909134, -74.93961)),
    (893, 112, POINT(39.87838, -75.009212)),
    (894, 71, POINT(39.861406, -74.968745)),
    (895, 80, POINT(39.658831, -74.93563)),
    (896, 73, POINT(39.843786, -74.844517)),
    (897, 71, POINT(39.808283, -74.648049)),
    (898, 11, POINT(39.686199, -74.978667)),
    (899, 84, POINT(39.940567, -75.230421)),
    (900, 106, POINT(39.754903, -74.803204)),
    (901, 2, POINT(39.728997, -75.116811)),
    (902, 107, POINT(39.840778, -74.621596)),
    (903, 31, POINT(39.794573, -75.024238)),
    (904, 73, POINT(39.633157, -74.814309)),
    (905, 22, POINT(39.78819, -74.794725)),
    (906, 34, POINT(39.618105, -74.739632)),
    (907, 105, POINT(39.869284, -74.75856)),
    (908, 75, POINT(39.759417, -75.082255)),
    (909, 47, POINT(39.888429, -74.827098)),
    (910, 2, POINT(39.736087, -74.85808)),
    (911, 104, POINT(39.923821, -75.124142)),
    (912, 40, POINT(39.770605, -74.924547)),
    (913, 71, POINT(39.738534, -75.152696)),
    (914, 109, POINT(39.652908, -74.884058)),
    (915, 104, POINT(39.631037, -74.909354)),
    (916, 49, POINT(39.871948, -74.798347)),
    (917, 50, POINT(39.836769, -74.733484)),
    (918, 12, POINT(39.854486, -75.253948)),
    (919, 65, POINT(39.626944, -75.023778)),
    (920, 79, POINT(39.665342, -75.060518)),
    (921, 92, POINT(39.774562, -74.8491)),
    (922, 79, POINT(39.690848, -74.876235)),
    (923, 17, POINT(39.917427, -75.022602)),
    (924, 43, POINT(39.726905, -74.755935)),
    (925, 80, POINT(39.726789, -74.999074)),
    (926, 101, POINT(39.662032, -74.905929)),
    (927, 82, POINT(39.629662, -74.829367)),
    (928, 94, POINT(39.817151, -74.755736)),
    (929, 84, POINT(39.6373, -74.930174)),
    (930, 38, POINT(39.640092, -75.033854)),
    (931, 49, POINT(39.641886, -74.969102)),
    (932, 34, POINT(39.632156, -75.067016)),
    (933, 110, POINT(39.82309, -74.99318)),
    (934, 1, POINT(39.67189, -74.92571)),
    (935, 84, POINT(39.937951, -75.029497)),
    (936, 10, POINT(39.786094, -74.923828)),
    (937, 7, POINT(39.889534, -75.163635)),
    (938, 62, POINT(39.922478, -74.678309)),
    (939, 84, POINT(39.766552, -74.764751)),
    (940, 85, POINT(39.838634, -75.154053)),
    (941, 112, POINT(39.798143, -74.891172)),
    (942, 73, POINT(39.899839, -74.77151)),
    (943, 100, POINT(39.930343, -75.044772)),
    (944, 50, POINT(39.787319, -75.212288)),
    (945, 36, POINT(39.643138, -75.215529)),
    (946, 92, POINT(39.857629, -74.76736)),
    (947, 8, POINT(39.757012, -75.065363)),
    (948, 68, POINT(39.746498, -74.855403)),
    (949, 98, POINT(39.641624, -74.791014)),
    (950, 38, POINT(39.757192, -74.978806)),
    (951, 56, POINT(39.723628, -75.211507)),
    (952, 90, POINT(39.892872, -75.155293)),
    (953, 68, POINT(39.645436, -74.839498)),
    (954, 15, POINT(39.649262, -74.961581)),
    (955, 15, POINT(39.728182, -75.098373)),
    (956, 58, POINT(39.683446, -75.103597)),
    (957, 22, POINT(39.880894, -74.950095)),
    (958, 1, POINT(39.715442, -75.031296)),
    (959, 30, POINT(39.902037, -74.642917)),
    (960, 57, POINT(39.640407, -74.796725)),
    (961, 37, POINT(39.711832, -74.875939)),
    (962, 32, POINT(39.616591, -75.112889)),
    (963, 12, POINT(39.908571, -74.639051)),
    (964, 99, POINT(39.892815, -75.073238)),
    (965, 68, POINT(39.791545, -74.648853)),
    (966, 93, POINT(39.658461, -74.874375)),
    (967, 79, POINT(39.717713, -75.052432)),
    (968, 111, POINT(39.922206, -74.758937)),
    (969, 18, POINT(39.819448, -75.049311)),
    (970, 87, POINT(39.78471, -74.758007)),
    (971, 14, POINT(39.628318, -74.851906)),
    (972, 14, POINT(39.666989, -74.783664)),
    (973, 45, POINT(39.856602, -74.812838)),
    (974, 59, POINT(39.870031, -75.135383)),
    (975, 88, POINT(39.648161, -75.26832)),
    (976, 94, POINT(39.729219, -74.907284)),
    (977, 25, POINT(39.920383, -74.824764)),
    (978, 44, POINT(39.943183, -75.168581)),
    (979, 48, POINT(39.880926, -75.034718)),
    (980, 74, POINT(39.851057, -75.25098)),
    (981, 19, POINT(39.930544, -74.685776)),
    (982, 62, POINT(39.707237, -74.845168)),
    (983, 30, POINT(39.748343, -74.794272)),
    (984, 62, POINT(39.91303, -74.957022)),
    (985, 45, POINT(39.756324, -74.886851)),
    (986, 10, POINT(39.671776, -74.809956)),
    (987, 90, POINT(39.701707, -75.272644)),
    (988, 22, POINT(39.822246, -74.707958)),
    (989, 11, POINT(39.930499, -74.726903)),
    (990, 18, POINT(39.760148, -74.940125)),
    (991, 37, POINT(39.652088, -74.896367)),
    (992, 103, POINT(39.655247, -75.121509)),
    (993, 26, POINT(39.781279, -74.874414)),
    (994, 17, POINT(39.806183, -75.211089)),
    (995, 65, POINT(39.793826, -74.616053)),
    (996, 56, POINT(39.835142, -74.695479)),
    (997, 85, POINT(39.802021, -74.869903)),
    (998, 75, POINT(39.616424, -75.091686)),
    (999, 16, POINT(39.763109, -75.222929)),
    (1000, 24, POINT(39.918095, -74.683089));

-- insert into adoption(adoption_id, pet_id, user_id, street_address, city, state, zip_code, email, phone_number, request_description) values
insert into pet_type (pet_type_id, name)
	values
(1, 'Capybara'),
(2, 'Dog'),
(3, 'Cat'),
(4, 'Zebra'),
(5, 'Koala'),
(6, 'Pangolin'),
(7, 'Monkey'),
(8, 'Racoon'),
(9, 'Red Panda'),
(10, 'Giraffe');


insert into pet(pet_id, pet_type_id, location_id, name, description, photo_link) values
(1, 1, 229, 'La', 'Quiet and contemplative', 'https://images.unsplash.com/photo-1604890532358-4029426b27af?w=500&auto=format&fit=crop&q=60&ixlib=rb-4.0.3&ixid=M3wxMjA3fDB8MHxzZWFyY2h8MXx8Y2FweWJhcmF8ZW58MHx8MHx8fDI%3D'),
(2, 1, 90, 'Anglique', 'loves being held', 'https://images.unsplash.com/photo-1595017013941-cab3d4c8d02f?w=500&auto=format&fit=crop&q=60&ixlib=rb-4.0.3&ixid=M3wxMjA3fDB8MHxzZWFyY2h8Mnx8Y2FweWJhcmF8ZW58MHx8MHx8fDI%3D'),
(3, 1, 277, 'Bjrn', 'Independent', 'https://images.unsplash.com/photo-1633123784883-9cc9ba6d8c9e?q=80&w=870&auto=format&fit=crop&ixlib=rb-4.0.3&ixid=M3wxMjA3fDB8MHxwaG90by1wYWdlfHx8fGVufDB8fHx8fA%3D%3D'),
(4, 1, 595, 'Lonie', 'must be adopted together', 'https://images.unsplash.com/photo-1557431177-36141475c676?w=1000&auto=format&fit=crop&q=60&ixlib=rb-4.0.3&ixid=M3wxMjA3fDB8MHxzZWFyY2h8NXx8Y2FweWJhcmF8ZW58MHx8MHx8fDI%3D'),
(5, 1, 966, 'Brangre', 'Prefers women', 'https://images.unsplash.com/photo-1624329809999-a2a576b0f690?w=1000&auto=format&fit=crop&q=60&ixlib=rb-4.0.3&ixid=M3wxMjA3fDB8MHxzZWFyY2h8N3x8Y2FweWJhcmF8ZW58MHx8MHx8fDI%3D'),
(6, 1, 877, 'Sng', 'Has seasonal allergies', 'https://images.unsplash.com/photo-1680994354810-aa25bbc69976?w=1000&auto=format&fit=crop&q=60&ixlib=rb-4.0.3&ixid=M3wxMjA3fDB8MHxzZWFyY2h8MTR8fGNhcHliYXJhfGVufDB8fDB8fHww'),
(7, 1, 194, 'Brje', 'Loves climbing', 'https://images.unsplash.com/photo-1693702366372-e7611a05bb55?w=1000&auto=format&fit=crop&q=60&ixlib=rb-4.0.3&ixid=M3wxMjA3fDB8MHxzZWFyY2h8MTV8fGNhcHliYXJhfGVufDB8fDB8fHww'),
(8, 1, 133, 'sa', 'brings back toys', 'https://images.unsplash.com/photo-1700553792546-3fbfc6b6613e?w=1000&auto=format&fit=crop&q=60&ixlib=rb-4.0.3&ixid=M3wxMjA3fDB8MHxzZWFyY2h8MTZ8fGNhcHliYXJhfGVufDB8fDB8fHww'),
(9, 1, 127, 'Rjane', 'can be wary of women', 'https://images.unsplash.com/photo-1701772165288-39c9ef3775c0?w=1000&auto=format&fit=crop&q=60&ixlib=rb-4.0.3&ixid=M3wxMjA3fDB8MHxzZWFyY2h8MTl8fGNhcHliYXJhfGVufDB8fDB8fHww'),
(10, 1, 765, 'Galle', 'guards its home', 'https://media.istockphoto.com/id/1377978280/photo/capybara.webp?b=1&s=170667a&w=0&k=20&c=magY6il9oxV3eTJMuMNH-0YHLo-NxNn4XLsBNjHL6og='),
(11, 1, 956, 'Cinma', 'Has won awards', 'https://images.unsplash.com/photo-1604890532358-4029426b27af?w=500&auto=format&fit=crop&q=60&ixlib=rb-4.0.3&ixid=M3wxMjA3fDB8MHxzZWFyY2h8MXx8Y2FweWJhcmF8ZW58MHx8MHx8fDI%3D'),
(12, 1, 523, 'Gwenalle', 'Has a protective instinct', 'https://images.unsplash.com/photo-1595017013941-cab3d4c8d02f?w=500&auto=format&fit=crop&q=60&ixlib=rb-4.0.3&ixid=M3wxMjA3fDB8MHxzZWFyY2h8Mnx8Y2FweWJhcmF8ZW58MHx8MHx8fDI%3D'),
(13, 1, 75, 'Vrane', 'Has a unique coat', 'https://images.unsplash.com/photo-1633123784883-9cc9ba6d8c9e?q=80&w=870&auto=format&fit=crop&ixlib=rb-4.0.3&ixid=M3wxMjA3fDB8MHxwaG90by1wYWdlfHx8fGVufDB8fHx8fA%3D%3D'),
(14, 1, 749, 'Fi', 'Always wagging tail', 'https://images.unsplash.com/photo-1557431177-36141475c676?w=1000&auto=format&fit=crop&q=60&ixlib=rb-4.0.3&ixid=M3wxMjA3fDB8MHxzZWFyY2h8NXx8Y2FweWJhcmF8ZW58MHx8MHx8fDI%3D'),
(15, 1, 514, 'Marie-franoise', 'Has a routine', 'https://images.unsplash.com/photo-1624329809999-a2a576b0f690?w=1000&auto=format&fit=crop&q=60&ixlib=rb-4.0.3&ixid=M3wxMjA3fDB8MHxzZWFyY2h8N3x8Y2FweWJhcmF8ZW58MHx8MHx8fDI%3D'),
(16, 1, 257, 'Cline', 'prefers a quiet home', 'https://images.unsplash.com/photo-1680994354810-aa25bbc69976?w=1000&auto=format&fit=crop&q=60&ixlib=rb-4.0.3&ixid=M3wxMjA3fDB8MHxzZWFyY2h8MTR8fGNhcHliYXJhfGVufDB8fDB8fHww'),
(17, 1, 623, 'Marie-nol', 'Playful', 'https://images.unsplash.com/photo-1693702366372-e7611a05bb55?w=1000&auto=format&fit=crop&q=60&ixlib=rb-4.0.3&ixid=M3wxMjA3fDB8MHxzZWFyY2h8MTV8fGNhcHliYXJhfGVufDB8fDB8fHww'),
(18, 1, 997, 'Maly', 'Quiet and contemplative', 'https://images.unsplash.com/photo-1700553792546-3fbfc6b6613e?w=1000&auto=format&fit=crop&q=60&ixlib=rb-4.0.3&ixid=M3wxMjA3fDB8MHxzZWFyY2h8MTZ8fGNhcHliYXJhfGVufDB8fDB8fHww'),
(19, 1, 250, 'Josphine', 'more active in the evenings', 'https://images.unsplash.com/photo-1701772165288-39c9ef3775c0?w=1000&auto=format&fit=crop&q=60&ixlib=rb-4.0.3&ixid=M3wxMjA3fDB8MHxzZWFyY2h8MTl8fGNhcHliYXJhfGVufDB8fDB8fHww'),
(20, 1, 515, 'Elose', 'takes the lead', 'https://media.istockphoto.com/id/1377978280/photo/capybara.webp?b=1&s=170667a&w=0&k=20&c=magY6il9oxV3eTJMuMNH-0YHLo-NxNn4XLsBNjHL6og='),
(21, 1, 119, 'Athna', 'a former show animal', 'https://images.unsplash.com/photo-1604890532358-4029426b27af?w=500&auto=format&fit=crop&q=60&ixlib=rb-4.0.3&ixid=M3wxMjA3fDB8MHxzZWFyY2h8MXx8Y2FweWJhcmF8ZW58MHx8MHx8fDI%3D'),
(22, 1, 483, 'Elis', 'Cuddly lap animal', 'https://images.unsplash.com/photo-1595017013941-cab3d4c8d02f?w=500&auto=format&fit=crop&q=60&ixlib=rb-4.0.3&ixid=M3wxMjA3fDB8MHxzZWFyY2h8Mnx8Y2FweWJhcmF8ZW58MHx8MHx8fDI%3D'),
(23, 1, 857, 'Ln', 'Cheerful and bouncy', 'https://images.unsplash.com/photo-1633123784883-9cc9ba6d8c9e?q=80&w=870&auto=format&fit=crop&ixlib=rb-4.0.3&ixid=M3wxMjA3fDB8MHxwaG90by1wYWdlfHx8fGVufDB8fHx8fA%3D%3D'),
(24, 1, 726, 'Maly', 'Quiet and contemplative', 'https://images.unsplash.com/photo-1557431177-36141475c676?w=1000&auto=format&fit=crop&q=60&ixlib=rb-4.0.3&ixid=M3wxMjA3fDB8MHxzZWFyY2h8NXx8Y2FweWJhcmF8ZW58MHx8MHx8fDI%3D'),
(25, 1, 948, 'K', 'Young at heart', 'https://images.unsplash.com/photo-1624329809999-a2a576b0f690?w=1000&auto=format&fit=crop&q=60&ixlib=rb-4.0.3&ixid=M3wxMjA3fDB8MHxzZWFyY2h8N3x8Y2FweWJhcmF8ZW58MHx8MHx8fDI%3D'),
(26, 1, 843, 'Flicie', 'Well-traveled', 'https://images.unsplash.com/photo-1680994354810-aa25bbc69976?w=1000&auto=format&fit=crop&q=60&ixlib=rb-4.0.3&ixid=M3wxMjA3fDB8MHxzZWFyY2h8MTR8fGNhcHliYXJhfGVufDB8fDB8fHww'),
(27, 1, 244, 'Rene', 'Loves being the center of attention', 'https://images.unsplash.com/photo-1693702366372-e7611a05bb55?w=1000&auto=format&fit=crop&q=60&ixlib=rb-4.0.3&ixid=M3wxMjA3fDB8MHxzZWFyY2h8MTV8fGNhcHliYXJhfGVufDB8fDB8fHww'),
(28, 1, 172, 'Danile', 'loves learning new tricks', 'https://images.unsplash.com/photo-1700553792546-3fbfc6b6613e?w=1000&auto=format&fit=crop&q=60&ixlib=rb-4.0.3&ixid=M3wxMjA3fDB8MHxzZWFyY2h8MTZ8fGNhcHliYXJhfGVufDB8fDB8fHww'),
(29, 1, 961, 'Lane', 'Enjoys treats', 'https://images.unsplash.com/photo-1701772165288-39c9ef3775c0?w=1000&auto=format&fit=crop&q=60&ixlib=rb-4.0.3&ixid=M3wxMjA3fDB8MHxzZWFyY2h8MTl8fGNhcHliYXJhfGVufDB8fDB8fHww'),
(30, 1, 937, 'Alos', 'enjoys making little holes', 'https://media.istockphoto.com/id/1377978280/photo/capybara.webp?b=1&s=170667a&w=0&k=20&c=magY6il9oxV3eTJMuMNH-0YHLo-NxNn4XLsBNjHL6og='),
(31, 1, 5, 'Mlys', 'curious about everything', 'https://images.unsplash.com/photo-1604890532358-4029426b27af?w=500&auto=format&fit=crop&q=60&ixlib=rb-4.0.3&ixid=M3wxMjA3fDB8MHxzZWFyY2h8MXx8Y2FweWJhcmF8ZW58MHx8MHx8fDI%3D'),
(32, 1, 169, 'Li', 'Smart and trainable', 'https://images.unsplash.com/photo-1595017013941-cab3d4c8d02f?w=500&auto=format&fit=crop&q=60&ixlib=rb-4.0.3&ixid=M3wxMjA3fDB8MHxzZWFyY2h8Mnx8Y2FweWJhcmF8ZW58MHx8MHx8fDI%3D'),
(33, 1, 347, 'Ocanne', 'Has a calm demeanor', 'https://images.unsplash.com/photo-1633123784883-9cc9ba6d8c9e?q=80&w=870&auto=format&fit=crop&ixlib=rb-4.0.3&ixid=M3wxMjA3fDB8MHxwaG90by1wYWdlfHx8fGVufDB8fHx8fA%3D%3D'),
(34, 1, 785, 'Pl', 'Needs constant company', 'https://images.unsplash.com/photo-1557431177-36141475c676?w=1000&auto=format&fit=crop&q=60&ixlib=rb-4.0.3&ixid=M3wxMjA3fDB8MHxzZWFyY2h8NXx8Y2FweWJhcmF8ZW58MHx8MHx8fDI%3D'),
(35, 1, 272, 'Marlne', 'Very expressive face', 'https://images.unsplash.com/photo-1624329809999-a2a576b0f690?w=1000&auto=format&fit=crop&q=60&ixlib=rb-4.0.3&ixid=M3wxMjA3fDB8MHxzZWFyY2h8N3x8Y2FweWJhcmF8ZW58MHx8MHx8fDI%3D'),
(36, 1, 980, 'Garon', 'guards its home', 'https://images.unsplash.com/photo-1680994354810-aa25bbc69976?w=1000&auto=format&fit=crop&q=60&ixlib=rb-4.0.3&ixid=M3wxMjA3fDB8MHxzZWFyY2h8MTR8fGNhcHliYXJhfGVufDB8fDB8fHww'),
(37, 1, 239, 'Malys', 'Cheerful and bouncy', 'https://images.unsplash.com/photo-1693702366372-e7611a05bb55?w=1000&auto=format&fit=crop&q=60&ixlib=rb-4.0.3&ixid=M3wxMjA3fDB8MHxzZWFyY2h8MTV8fGNhcHliYXJhfGVufDB8fDB8fHww'),
(38, 1, 460, 'Mrten', 'but still active', 'https://images.unsplash.com/photo-1700553792546-3fbfc6b6613e?w=1000&auto=format&fit=crop&q=60&ixlib=rb-4.0.3&ixid=M3wxMjA3fDB8MHxzZWFyY2h8MTZ8fGNhcHliYXJhfGVufDB8fDB8fHww'),
(39, 1, 670, 'Magdalne', 'loves long naps', 'https://images.unsplash.com/photo-1701772165288-39c9ef3775c0?w=1000&auto=format&fit=crop&q=60&ixlib=rb-4.0.3&ixid=M3wxMjA3fDB8MHxzZWFyY2h8MTl8fGNhcHliYXJhfGVufDB8fDB8fHww'),
(40, 1, 252, 'Laurlie', 'Very vocal', 'https://media.istockphoto.com/id/1377978280/photo/capybara.webp?b=1&s=170667a&w=0&k=20&c=magY6il9oxV3eTJMuMNH-0YHLo-NxNn4XLsBNjHL6og='),
(41, 1, 907, 'Thrse', 'Morning person', 'https://images.unsplash.com/photo-1604890532358-4029426b27af?w=500&auto=format&fit=crop&q=60&ixlib=rb-4.0.3&ixid=M3wxMjA3fDB8MHxzZWFyY2h8MXx8Y2FweWJhcmF8ZW58MHx8MHx8fDI%3D'),
(42, 1, 410, 'Y', 'Enjoys treats', 'https://images.unsplash.com/photo-1595017013941-cab3d4c8d02f?w=500&auto=format&fit=crop&q=60&ixlib=rb-4.0.3&ixid=M3wxMjA3fDB8MHxzZWFyY2h8Mnx8Y2FweWJhcmF8ZW58MHx8MHx8fDI%3D'),
(43, 1, 21, 'Mlina', 'very happy', 'https://images.unsplash.com/photo-1633123784883-9cc9ba6d8c9e?q=80&w=870&auto=format&fit=crop&ixlib=rb-4.0.3&ixid=M3wxMjA3fDB8MHxwaG90by1wYWdlfHx8fGVufDB8fHx8fA%3D%3D'),
(44, 1, 404, 'Mns', 'Bold and confident', 'https://images.unsplash.com/photo-1557431177-36141475c676?w=1000&auto=format&fit=crop&q=60&ixlib=rb-4.0.3&ixid=M3wxMjA3fDB8MHxzZWFyY2h8NXx8Y2FweWJhcmF8ZW58MHx8MHx8fDI%3D'),
(45, 1, 404, 'Ru', 'wants all the attention', 'https://images.unsplash.com/photo-1624329809999-a2a576b0f690?w=1000&auto=format&fit=crop&q=60&ixlib=rb-4.0.3&ixid=M3wxMjA3fDB8MHxzZWFyY2h8N3x8Y2FweWJhcmF8ZW58MHx8MHx8fDI%3D'),
(46, 1, 242, 'Dafne', 'Has a protective instinct', 'https://images.unsplash.com/photo-1680994354810-aa25bbc69976?w=1000&auto=format&fit=crop&q=60&ixlib=rb-4.0.3&ixid=M3wxMjA3fDB8MHxzZWFyY2h8MTR8fGNhcHliYXJhfGVufDB8fDB8fHww'),
(47, 1, 814, 'Yu', 'enjoys outdoor activities', 'https://images.unsplash.com/photo-1693702366372-e7611a05bb55?w=1000&auto=format&fit=crop&q=60&ixlib=rb-4.0.3&ixid=M3wxMjA3fDB8MHxzZWFyY2h8MTV8fGNhcHliYXJhfGVufDB8fDB8fHww'),
(48, 1, 148, 'Lala', 'very cozy', 'https://images.unsplash.com/photo-1700553792546-3fbfc6b6613e?w=1000&auto=format&fit=crop&q=60&ixlib=rb-4.0.3&ixid=M3wxMjA3fDB8MHxzZWFyY2h8MTZ8fGNhcHliYXJhfGVufDB8fDB8fHww'),
(49, 1, 943, 'Angle', 'best in an adult-only home', 'https://images.unsplash.com/photo-1701772165288-39c9ef3775c0?w=1000&auto=format&fit=crop&q=60&ixlib=rb-4.0.3&ixid=M3wxMjA3fDB8MHxzZWFyY2h8MTl8fGNhcHliYXJhfGVufDB8fDB8fHww'),
(50, 1, 729, 'Nadge', 'very happy', 'https://media.istockphoto.com/id/1377978280/photo/capybara.webp?b=1&s=170667a&w=0&k=20&c=magY6il9oxV3eTJMuMNH-0YHLo-NxNn4XLsBNjHL6og='),
(51, 1, 431, 'Adlade', 'Loves attention', 'https://images.unsplash.com/photo-1604890532358-4029426b27af?w=500&auto=format&fit=crop&q=60&ixlib=rb-4.0.3&ixid=M3wxMjA3fDB8MHxzZWFyY2h8MXx8Y2FweWJhcmF8ZW58MHx8MHx8fDI%3D'),
(52, 1, 187, 'K', 'loves warm spots', 'https://images.unsplash.com/photo-1595017013941-cab3d4c8d02f?w=500&auto=format&fit=crop&q=60&ixlib=rb-4.0.3&ixid=M3wxMjA3fDB8MHxzZWFyY2h8Mnx8Y2FweWJhcmF8ZW58MHx8MHx8fDI%3D'),
(53, 1, 711, 'Cinma', 'Adventurous', 'https://images.unsplash.com/photo-1633123784883-9cc9ba6d8c9e?q=80&w=870&auto=format&fit=crop&ixlib=rb-4.0.3&ixid=M3wxMjA3fDB8MHxwaG90by1wYWdlfHx8fGVufDB8fHx8fA%3D%3D'),
(54, 1, 542, 'Eugnie', 'very friendly', 'https://images.unsplash.com/photo-1557431177-36141475c676?w=1000&auto=format&fit=crop&q=60&ixlib=rb-4.0.3&ixid=M3wxMjA3fDB8MHxzZWFyY2h8NXx8Y2FweWJhcmF8ZW58MHx8MHx8fDI%3D'),
(55, 1, 146, 'Lng', 'Prefers soft food', 'https://images.unsplash.com/photo-1624329809999-a2a576b0f690?w=1000&auto=format&fit=crop&q=60&ixlib=rb-4.0.3&ixid=M3wxMjA3fDB8MHxzZWFyY2h8N3x8Y2FweWJhcmF8ZW58MHx8MHx8fDI%3D'),
(56, 1, 869, 'Andre', 'Energetic and loves to play', 'https://images.unsplash.com/photo-1680994354810-aa25bbc69976?w=1000&auto=format&fit=crop&q=60&ixlib=rb-4.0.3&ixid=M3wxMjA3fDB8MHxzZWFyY2h8MTR8fGNhcHliYXJhfGVufDB8fDB8fHww'),
(57, 1, 309, 'Lala', 'enjoys outdoor activities', 'https://images.unsplash.com/photo-1693702366372-e7611a05bb55?w=1000&auto=format&fit=crop&q=60&ixlib=rb-4.0.3&ixid=M3wxMjA3fDB8MHxzZWFyY2h8MTV8fGNhcHliYXJhfGVufDB8fDB8fHww'),
(58, 1, 336, 'Rservs', 'Very fluffy', 'https://images.unsplash.com/photo-1700553792546-3fbfc6b6613e?w=1000&auto=format&fit=crop&q=60&ixlib=rb-4.0.3&ixid=M3wxMjA3fDB8MHxzZWFyY2h8MTZ8fGNhcHliYXJhfGVufDB8fDB8fHww'),
(59, 1, 488, 'Nava', 'Good with children', 'https://images.unsplash.com/photo-1701772165288-39c9ef3775c0?w=1000&auto=format&fit=crop&q=60&ixlib=rb-4.0.3&ixid=M3wxMjA3fDB8MHxzZWFyY2h8MTl8fGNhcHliYXJhfGVufDB8fDB8fHww'),
(60, 1, 180, 'Aime', 'enjoys fast-paced games', 'https://media.istockphoto.com/id/1377978280/photo/capybara.webp?b=1&s=170667a&w=0&k=20&c=magY6il9oxV3eTJMuMNH-0YHLo-NxNn4XLsBNjHL6og='),
(61, 1, 22, 'Mylne', 'Enjoys puzzles and games', 'https://images.unsplash.com/photo-1604890532358-4029426b27af?w=500&auto=format&fit=crop&q=60&ixlib=rb-4.0.3&ixid=M3wxMjA3fDB8MHxzZWFyY2h8MXx8Y2FweWJhcmF8ZW58MHx8MHx8fDI%3D'),
(62, 1, 916, 'Mng', 'guards its home', 'https://images.unsplash.com/photo-1595017013941-cab3d4c8d02f?w=500&auto=format&fit=crop&q=60&ixlib=rb-4.0.3&ixid=M3wxMjA3fDB8MHxzZWFyY2h8Mnx8Y2FweWJhcmF8ZW58MHx8MHx8fDI%3D'),
(63, 1, 789, 'Lane', 'Prefers soft food', 'https://images.unsplash.com/photo-1633123784883-9cc9ba6d8c9e?q=80&w=870&auto=format&fit=crop&ixlib=rb-4.0.3&ixid=M3wxMjA3fDB8MHxwaG90by1wYWdlfHx8fGVufDB8fHx8fA%3D%3D'),
(64, 1, 150, 'Annots', 'Loves toys', 'https://images.unsplash.com/photo-1557431177-36141475c676?w=1000&auto=format&fit=crop&q=60&ixlib=rb-4.0.3&ixid=M3wxMjA3fDB8MHxzZWFyY2h8NXx8Y2FweWJhcmF8ZW58MHx8MHx8fDI%3D'),
(65, 1, 293, 'Gran', 'best in an adult-only home', 'https://images.unsplash.com/photo-1624329809999-a2a576b0f690?w=1000&auto=format&fit=crop&q=60&ixlib=rb-4.0.3&ixid=M3wxMjA3fDB8MHxzZWFyY2h8N3x8Y2FweWJhcmF8ZW58MHx8MHx8fDI%3D'),
(66, 1, 359, 'Este', 'Enjoys watching TV', 'https://images.unsplash.com/photo-1680994354810-aa25bbc69976?w=1000&auto=format&fit=crop&q=60&ixlib=rb-4.0.3&ixid=M3wxMjA3fDB8MHxzZWFyY2h8MTR8fGNhcHliYXJhfGVufDB8fDB8fHww'),
(67, 1, 745, 'Lone', 'Needs medication', 'https://images.unsplash.com/photo-1693702366372-e7611a05bb55?w=1000&auto=format&fit=crop&q=60&ixlib=rb-4.0.3&ixid=M3wxMjA3fDB8MHxzZWFyY2h8MTV8fGNhcHliYXJhfGVufDB8fDB8fHww'),
(68, 1, 518, 'Thrsa', 'Excellent health', 'https://images.unsplash.com/photo-1700553792546-3fbfc6b6613e?w=1000&auto=format&fit=crop&q=60&ixlib=rb-4.0.3&ixid=M3wxMjA3fDB8MHxzZWFyY2h8MTZ8fGNhcHliYXJhfGVufDB8fDB8fHww'),
(69, 1, 127, 'U', 'big and soft-hearted', 'https://images.unsplash.com/photo-1701772165288-39c9ef3775c0?w=1000&auto=format&fit=crop&q=60&ixlib=rb-4.0.3&ixid=M3wxMjA3fDB8MHxzZWFyY2h8MTl8fGNhcHliYXJhfGVufDB8fDB8fHww'),
(70, 1, 870, 'Simplifis', 'Enjoys treats', 'https://media.istockphoto.com/id/1377978280/photo/capybara.webp?b=1&s=170667a&w=0&k=20&c=magY6il9oxV3eTJMuMNH-0YHLo-NxNn4XLsBNjHL6og='),
(71, 1, 338, 'Laurlie', 'Gentle giant', 'https://images.unsplash.com/photo-1604890532358-4029426b27af?w=500&auto=format&fit=crop&q=60&ixlib=rb-4.0.3&ixid=M3wxMjA3fDB8MHxzZWFyY2h8MXx8Y2FweWJhcmF8ZW58MHx8MHx8fDI%3D'),
(72, 1, 757, 'slg', 'takes time to get comfortable', 'https://images.unsplash.com/photo-1595017013941-cab3d4c8d02f?w=500&auto=format&fit=crop&q=60&ixlib=rb-4.0.3&ixid=M3wxMjA3fDB8MHxzZWFyY2h8Mnx8Y2FweWJhcmF8ZW58MHx8MHx8fDI%3D'),
(73, 1, 7, 'Mahlie', 'very adorable', 'https://images.unsplash.com/photo-1633123784883-9cc9ba6d8c9e?q=80&w=870&auto=format&fit=crop&ixlib=rb-4.0.3&ixid=M3wxMjA3fDB8MHxwaG90by1wYWdlfHx8fGVufDB8fHx8fA%3D%3D'),
(74, 1, 664, 'Gsta', 'very happy', 'https://images.unsplash.com/photo-1557431177-36141475c676?w=1000&auto=format&fit=crop&q=60&ixlib=rb-4.0.3&ixid=M3wxMjA3fDB8MHxzZWFyY2h8NXx8Y2FweWJhcmF8ZW58MHx8MHx8fDI%3D'),
(75, 1, 489, 'Lane', 'enjoys brush time', 'https://images.unsplash.com/photo-1624329809999-a2a576b0f690?w=1000&auto=format&fit=crop&q=60&ixlib=rb-4.0.3&ixid=M3wxMjA3fDB8MHxzZWFyY2h8N3x8Y2FweWJhcmF8ZW58MHx8MHx8fDI%3D'),
(76, 1, 167, 'Gran', 'Sweet and loving', 'https://images.unsplash.com/photo-1680994354810-aa25bbc69976?w=1000&auto=format&fit=crop&q=60&ixlib=rb-4.0.3&ixid=M3wxMjA3fDB8MHxzZWFyY2h8MTR8fGNhcHliYXJhfGVufDB8fDB8fHww'),
(77, 1, 370, 'U', 'needs shade and cool environments', 'https://images.unsplash.com/photo-1693702366372-e7611a05bb55?w=1000&auto=format&fit=crop&q=60&ixlib=rb-4.0.3&ixid=M3wxMjA3fDB8MHxzZWFyY2h8MTV8fGNhcHliYXJhfGVufDB8fDB8fHww'),
(78, 1, 460, 'Cline', 'prefers a quiet home', 'https://images.unsplash.com/photo-1700553792546-3fbfc6b6613e?w=1000&auto=format&fit=crop&q=60&ixlib=rb-4.0.3&ixid=M3wxMjA3fDB8MHxzZWFyY2h8MTZ8fGNhcHliYXJhfGVufDB8fDB8fHww'),
(79, 1, 161, 'Brje', 'Always exploring', 'https://images.unsplash.com/photo-1701772165288-39c9ef3775c0?w=1000&auto=format&fit=crop&q=60&ixlib=rb-4.0.3&ixid=M3wxMjA3fDB8MHxzZWFyY2h8MTl8fGNhcHliYXJhfGVufDB8fDB8fHww'),
(80, 1, 262, 'Bcassine', 'Energetic and loves to play', 'https://media.istockphoto.com/id/1377978280/photo/capybara.webp?b=1&s=170667a&w=0&k=20&c=magY6il9oxV3eTJMuMNH-0YHLo-NxNn4XLsBNjHL6og='),
(81, 1, 259, 'Genevive', 'Enjoys treats', 'https://images.unsplash.com/photo-1604890532358-4029426b27af?w=500&auto=format&fit=crop&q=60&ixlib=rb-4.0.3&ixid=M3wxMjA3fDB8MHxzZWFyY2h8MXx8Y2FweWJhcmF8ZW58MHx8MHx8fDI%3D'),
(82, 1, 871, 'Lana', 'Prefers adults', 'https://images.unsplash.com/photo-1595017013941-cab3d4c8d02f?w=500&auto=format&fit=crop&q=60&ixlib=rb-4.0.3&ixid=M3wxMjA3fDB8MHxzZWFyY2h8Mnx8Y2FweWJhcmF8ZW58MHx8MHx8fDI%3D'),
(83, 1, 275, 'Chlo', 'Quirky personality', 'https://images.unsplash.com/photo-1633123784883-9cc9ba6d8c9e?q=80&w=870&auto=format&fit=crop&ixlib=rb-4.0.3&ixid=M3wxMjA3fDB8MHxwaG90by1wYWdlfHx8fGVufDB8fHx8fA%3D%3D'),
(84, 1, 261, 'Elis', 'Affectionate and loves cuddles', 'https://images.unsplash.com/photo-1557431177-36141475c676?w=1000&auto=format&fit=crop&q=60&ixlib=rb-4.0.3&ixid=M3wxMjA3fDB8MHxzZWFyY2h8NXx8Y2FweWJhcmF8ZW58MHx8MHx8fDI%3D'),
(85, 1, 571, 'Andre', 'Affectionate and loves cuddles', 'https://images.unsplash.com/photo-1624329809999-a2a576b0f690?w=1000&auto=format&fit=crop&q=60&ixlib=rb-4.0.3&ixid=M3wxMjA3fDB8MHxzZWFyY2h8N3x8Y2FweWJhcmF8ZW58MHx8MHx8fDI%3D'),
(86, 1, 658, 'Ru', 'Known escape artist', 'https://images.unsplash.com/photo-1680994354810-aa25bbc69976?w=1000&auto=format&fit=crop&q=60&ixlib=rb-4.0.3&ixid=M3wxMjA3fDB8MHxzZWFyY2h8MTR8fGNhcHliYXJhfGVufDB8fDB8fHww'),
(87, 1, 709, 'Mrta', 'Gentle giant', 'https://images.unsplash.com/photo-1693702366372-e7611a05bb55?w=1000&auto=format&fit=crop&q=60&ixlib=rb-4.0.3&ixid=M3wxMjA3fDB8MHxzZWFyY2h8MTV8fGNhcHliYXJhfGVufDB8fDB8fHww'),
(88, 1, 141, 'Maline', 'Reserved but loving', 'https://images.unsplash.com/photo-1700553792546-3fbfc6b6613e?w=1000&auto=format&fit=crop&q=60&ixlib=rb-4.0.3&ixid=M3wxMjA3fDB8MHxzZWFyY2h8MTZ8fGNhcHliYXJhfGVufDB8fDB8fHww'),
(89, 1, 436, 'Plagie', 'has lived in multiple places', 'https://images.unsplash.com/photo-1701772165288-39c9ef3775c0?w=1000&auto=format&fit=crop&q=60&ixlib=rb-4.0.3&ixid=M3wxMjA3fDB8MHxzZWFyY2h8MTl8fGNhcHliYXJhfGVufDB8fDB8fHww'),
(90, 1, 811, 'Anglique', 'Has a loud purr/snore', 'https://media.istockphoto.com/id/1377978280/photo/capybara.webp?b=1&s=170667a&w=0&k=20&c=magY6il9oxV3eTJMuMNH-0YHLo-NxNn4XLsBNjHL6og='),
(91, 1, 788, 'Mgane', 'hates being alone', 'https://images.unsplash.com/photo-1604890532358-4029426b27af?w=500&auto=format&fit=crop&q=60&ixlib=rb-4.0.3&ixid=M3wxMjA3fDB8MHxzZWFyY2h8MXx8Y2FweWJhcmF8ZW58MHx8MHx8fDI%3D'),
(92, 1, 6, 'Clmence', 'Loves being the center of attention', 'https://images.unsplash.com/photo-1595017013941-cab3d4c8d02f?w=500&auto=format&fit=crop&q=60&ixlib=rb-4.0.3&ixid=M3wxMjA3fDB8MHxzZWFyY2h8Mnx8Y2FweWJhcmF8ZW58MHx8MHx8fDI%3D'),
(93, 1, 662, 'Ana', 'Playful', 'https://images.unsplash.com/photo-1633123784883-9cc9ba6d8c9e?q=80&w=870&auto=format&fit=crop&ixlib=rb-4.0.3&ixid=M3wxMjA3fDB8MHxwaG90by1wYWdlfHx8fGVufDB8fHx8fA%3D%3D'),
(94, 1, 176, 'P', 'Slightly timid', 'https://images.unsplash.com/photo-1557431177-36141475c676?w=1000&auto=format&fit=crop&q=60&ixlib=rb-4.0.3&ixid=M3wxMjA3fDB8MHxzZWFyY2h8NXx8Y2FweWJhcmF8ZW58MHx8MHx8fDI%3D'),
(95, 1, 972, 'Ru', 'warms up slowly to new people', 'https://images.unsplash.com/photo-1624329809999-a2a576b0f690?w=1000&auto=format&fit=crop&q=60&ixlib=rb-4.0.3&ixid=M3wxMjA3fDB8MHxzZWFyY2h8N3x8Y2FweWJhcmF8ZW58MHx8MHx8fDI%3D'),
(96, 1, 153, 'Vrane', 'Gentle and shy', 'https://images.unsplash.com/photo-1680994354810-aa25bbc69976?w=1000&auto=format&fit=crop&q=60&ixlib=rb-4.0.3&ixid=M3wxMjA3fDB8MHxzZWFyY2h8MTR8fGNhcHliYXJhfGVufDB8fDB8fHww'),
(97, 1, 419, 'Nu', 'needs a patient owner', 'https://images.unsplash.com/photo-1693702366372-e7611a05bb55?w=1000&auto=format&fit=crop&q=60&ixlib=rb-4.0.3&ixid=M3wxMjA3fDB8MHxzZWFyY2h8MTV8fGNhcHliYXJhfGVufDB8fDB8fHww'),
(98, 1, 254, 'Mthode', 'Very regal', 'https://images.unsplash.com/photo-1700553792546-3fbfc6b6613e?w=1000&auto=format&fit=crop&q=60&ixlib=rb-4.0.3&ixid=M3wxMjA3fDB8MHxzZWFyY2h8MTZ8fGNhcHliYXJhfGVufDB8fDB8fHww'),
(99, 1, 295, 'Andre', 'needs a patient owner', 'https://images.unsplash.com/photo-1701772165288-39c9ef3775c0?w=1000&auto=format&fit=crop&q=60&ixlib=rb-4.0.3&ixid=M3wxMjA3fDB8MHxzZWFyY2h8MTl8fGNhcHliYXJhfGVufDB8fDB8fHww'),
(100, 1, 737, 'Genevive', 'has a favorite toy', 'https://media.istockphoto.com/id/1377978280/photo/capybara.webp?b=1&s=170667a&w=0&k=20&c=magY6il9oxV3eTJMuMNH-0YHLo-NxNn4XLsBNjHL6og='),
(101, 2, 953, 'Eugnie', 'Needs constant company', 'https://images.unsplash.com/photo-1543466835-00a7907e9de1?w=500&auto=format&fit=crop&q=60&ixlib=rb-4.0.3&ixid=M3wxMjA3fDB8MHxzZWFyY2h8N3x8ZG9nfGVufDB8fDB8fHww'),
(102, 2, 651, 'Mlina', 'quick learner', 'https://images.unsplash.com/photo-1517849845537-4d257902454a?w=500&auto=format&fit=crop&q=60&ixlib=rb-4.0.3&ixid=M3wxMjA3fDB8MHxzZWFyY2h8Mnx8ZG9nfGVufDB8fDB8fHwy'),
(103, 2, 831, 'Annote', 'needs secure space', 'https://media.istockphoto.com/id/1975730503/photo/portrait-of-a-funny-corgi-dog-puppy-in-a-green-leprechaun-hat-in-honor-of-st-patrick.webp?b=1&s=170667a&w=0&k=20&c=azr4Jz4aD8Ytf1ZZ5m_HJHGhcDb77TyYu2L1kCR8lwc='),
(104, 3, 521, 'Desire', 'Very expressive face', 'https://images.unsplash.com/photo-1514888286974-6c03e2ca1dba?w=1000&auto=format&fit=crop&q=60&ixlib=rb-4.0.3&ixid=M3wxMjA3fDB8MHxzZWFyY2h8MXx8Y2F0fGVufDB8fDB8fHwy'),
(105, 3, 475, 'Gatane', 'Sweet and loving', 'https://images.unsplash.com/photo-1573865526739-10659fec78a5?w=1000&auto=format&fit=crop&q=60&ixlib=rb-4.0.3&ixid=M3wxMjA3fDB8MHxzZWFyY2h8Mnx8Y2F0fGVufDB8fDB8fHwy'),
(106, 3, 401, 'Thrse', 'very cozy', 'https://images.unsplash.com/photo-1533738363-b7f9aef128ce?w=1000&auto=format&fit=crop&q=60&ixlib=rb-4.0.3&ixid=M3wxMjA3fDB8MHxzZWFyY2h8NHx8Y2F0fGVufDB8fDB8fHwy'),
(107, 4, 986, 'Mlanie', 'Good with other animals', 'https://images.unsplash.com/photo-1598755257130-c2aaca1f061c?w=1000&auto=format&fit=crop&q=60&ixlib=rb-4.0.3&ixid=M3wxMjA3fDB8MHxzZWFyY2h8MTB8fHplYnJhfGVufDB8fDB8fHwy'),
(108, 4, 892, 'slg', 'quick learner', 'https://images.unsplash.com/photo-1577810149132-231e982b9609?w=1000&auto=format&fit=crop&q=60&ixlib=rb-4.0.3&ixid=M3wxMjA3fDB8MHxzZWFyY2h8MTF8fHplYnJhfGVufDB8fDB8fHwy'),
(109, 4, 231, 'Adlade', 'Prefers the cold', 'https://media.istockphoto.com/id/1910121276/photo/funny-close-up-portrait-of-a-plains-zebra-stallion-performing-a-flehmen-response-around.webp?b=1&s=170667a&w=0&k=20&c=B7igCBJQlE_dB2KLYKQ06xphAeovyfLVXKm5zxW-S0A='),
(110, 5, 964, 'Yo', 'very happy', 'https://images.unsplash.com/photo-1459262838948-3e2de6c1ec80?w=1000&auto=format&fit=crop&q=60&ixlib=rb-4.0.3&ixid=M3wxMjA3fDB8MHxzZWFyY2h8MXx8a29hbGF8ZW58MHx8MHx8fDI%3D'),
(111, 5, 252, 'Mawenn', 'likes independence', 'https://images.unsplash.com/photo-1579649554660-463ed1d72831?w=1000&auto=format&fit=crop&q=60&ixlib=rb-4.0.3&ixid=M3wxMjA3fDB8MHxzZWFyY2h8M3x8a29hbGF8ZW58MHx8MHx8fDI%3D'),
(112, 5, 126, 'Lonore', 'very friendly', 'https://images.unsplash.com/photo-1579075475207-e59cd9d39be8?w=1000&auto=format&fit=crop&q=60&ixlib=rb-4.0.3&ixid=M3wxMjA3fDB8MHxzZWFyY2h8Nnx8a29hbGF8ZW58MHx8MHx8fDI%3D'),
(113, 6, 529, 'Audranne', 'Has a protective instinct', 'https://images.unsplash.com/photo-1603703661537-137f7373028a?w=1000&auto=format&fit=crop&q=60&ixlib=rb-4.0.3&ixid=M3wxMjA3fDB8MHxzZWFyY2h8MXx8cGFuZ29saW58ZW58MHx8MHx8fDI%3D'),
(114, 6, 759, 'Mdiamass', 'loves warm spots', 'https://media.istockphoto.com/id/675014092/photo/pangolin.webp?b=1&s=170667a&w=0&k=20&c=I96TZ6zv_tuILvOzgSk8qv6cFllZgqndhTnYBfP8wUg='),
(115, 6, 514, 'Mghane', 'takes the lead', 'https://media.istockphoto.com/id/1467021512/photo/sunda-pangolin.jpg?s=612x612&w=0&k=20&c=xAdItrbkDP6N8fFpAhjmHbjSWKYkz-B2h5XARa40XCM='),
(116, 7, 914, 'Audranne', 'very patient', 'https://images.unsplash.com/photo-1540573133985-87b6da6d54a9?w=1000&auto=format&fit=crop&q=60&ixlib=rb-4.0.3&ixid=M3wxMjA3fDB8MHxzZWFyY2h8MXx8bW9ua2V5fGVufDB8fDB8fHwy'),
(117, 7, 63, 'Lane', 'Enjoys car rides', 'https://images.unsplash.com/photo-1463852247062-1bbca38f7805?w=1000&auto=format&fit=crop&q=60&ixlib=rb-4.0.3&ixid=M3wxMjA3fDB8MHxzZWFyY2h8NXx8bW9ua2V5fGVufDB8fDB8fHwy'),
(118, 7, 680, 'Illustre', 'Enjoys treats', 'https://images.unsplash.com/photo-1618661057302-8b01d93bd898?w=1000&auto=format&fit=crop&q=60&ixlib=rb-4.0.3&ixid=M3wxMjA3fDB8MHxzZWFyY2h8Nnx8bW9ua2V5fGVufDB8fDB8fHwy'),
(119, 8, 121, 'Alos', 'Has a soothing purr', 'https://images.unsplash.com/photo-1615812214207-34e3be6812df?w=1000&auto=format&fit=crop&q=60&ixlib=rb-4.0.3&ixid=M3wxMjA3fDB8MHxzZWFyY2h8Mnx8cmFjb29ufGVufDB8fDB8fHwy'),
(120, 8, 996, 'Li', 'has a favorite toy', 'https://images.unsplash.com/photo-1605199820234-0811f25a3b13?w=1000&auto=format&fit=crop&q=60&ixlib=rb-4.0.3&ixid=M3wxMjA3fDB8MHxzZWFyY2h8M3x8cmFjb29ufGVufDB8fDB8fHwy'),
(121, 8, 695, 'Lng', 'Affectionate and loves cuddles', 'https://images.unsplash.com/photo-1563301141-3fb8b3b2df9e?w=1000&auto=format&fit=crop&q=60&ixlib=rb-4.0.3&ixid=M3wxMjA3fDB8MHxzZWFyY2h8NXx8cmFjb29ufGVufDB8fDB8fHwy'),
(122, 9, 18, 'Magdalne', 'very relaxing', 'https://images.unsplash.com/photo-1590692464430-5f55e7221c94?w=1000&auto=format&fit=crop&q=60&ixlib=rb-4.0.3&ixid=M3wxMjA3fDB8MHxzZWFyY2h8M3x8cmVkJTIwcGFuZGF8ZW58MHx8MHx8fDI%3D'),
(123, 9, 903, 'Gisle', 'Sun-sensitive', 'https://images.unsplash.com/photo-1545906786-f1276396255d?w=1000&auto=format&fit=crop&q=60&ixlib=rb-4.0.3&ixid=M3wxMjA3fDB8MHxzZWFyY2h8N3x8cmVkJTIwcGFuZGF8ZW58MHx8MHx8fDI%3D'),
(124, 9, 424, 'Nava', 'Loves grooming', 'https://images.unsplash.com/photo-1542880696-78ba55200f0f?w=1000&auto=format&fit=crop&q=60&ixlib=rb-4.0.3&ixid=M3wxMjA3fDB8MHxzZWFyY2h8OXx8cmVkJTIwcGFuZGF8ZW58MHx8MHx8fDI%3D'),
(125, 10, 194, 'Lonore', 'takes the lead', 'https://images.unsplash.com/photo-1547721064-da6cfb341d50?w=1000&auto=format&fit=crop&q=60&ixlib=rb-4.0.3&ixid=M3wxMjA3fDB8MHxzZWFyY2h8Mnx8Z2lyYWZmZXxlbnwwfHwwfHx8Mg%3D%3D'),
(126, 10, 493, 'Simplifis', 'Prefers adults', 'https://images.unsplash.com/photo-1538127426967-75a6c73f6d20?w=1000&auto=format&fit=crop&q=60&ixlib=rb-4.0.3&ixid=M3wxMjA3fDB8MHxzZWFyY2h8N3x8Z2lyYWZmZXxlbnwwfHwwfHx8Mg%3D%3D'),
(127, 10, 130, 'Styrbjrn', 'Intelligent and focused', 'https://images.unsplash.com/photo-1548506446-86bfddac5620?w=1000&auto=format&fit=crop&q=60&ixlib=rb-4.0.3&ixid=M3wxMjA3fDB8MHxzZWFyY2h8OXx8Z2lyYWZmZXxlbnwwfHwwfHx8Mg%3D%3D');


insert into adoption(adoption_id, pet_id, user_id, street_address, city, state, zip_code, email, phone_number, request_description) values
	(1, 1, 1, '1234 Street', 'New York', 'NY', '10008', 'tommie1984@gmail.com', '973-969-2480', 'description1'),
	(2, 2, 1, '5678 Road', 'Princeton', 'NJ', '16003', '1234email@gmail.com', '567-0385-4567', 'description2'),
	(3, 3, 2, '0987 Street', 'Montreal', 'QC', 'H2X 3V2', 'emailemail@gmail.com', '972-969-7643', 'description3');

